code,name
16,PENERBITAN NOMOR DAFTAR
1600,RESPON PENERIMAAN
1601,NOTA PEMBERITAHUAN PENOLAKAN (REJECT)
1603,SURAT PERSETUJUAN PENGELUARAN BARANG (SPPB)
1604,FORMULIR SURAT PERSETUJUAN PENYELESAIAN DOKUMEN (SPPD)
1605,FORMULIR SURAT PERSETUJUAN PERUBAHAN BC 1.6
1606,FORMULIR SURAT PERSETUJUAN PEMBATALAN BC 1.6
1607,SURAT PEMBERITAHUAN PENGAWASAN PEMBONGKARAN DAN PENIMBUNAN (SP4) PLB
1608,TANDA TERIMA PENYERAHAN KELENGKAPAN DOKUMEN
1611,SURAT PERSETUJUAN PELAYANAN BC 1.6 OLEH PENYELENGGARA POS
1690,RESPON UMUM
1699,RESPON ERROR AUTENTIFIKASI
20,PENERBITAN NOMOR DAFTAR
2000,RESPON PENERIMAAN
2001,NOTA PEMBERITAHUAN PENOLAKAN (REJECT)
2002,PEMBERITAHUAN PENERIMAAN PIB PENYELESAIAN (P4)
2003,SURAT PERSETUJUAN PENGELUARAN BARANG (SPPB)
2004,SURAT PEMBERITAHUAN JALUR KUNING (SPJK)
2005,SURAT PEMBERITAHUAN JALUR MERAH (SPJM)
2006,SURAT PERINTAH PEMERIKSAAN FISIK (SPPF)
2007,LAPORAN HASIL PEMERIKSAAN
2008,BERITA ACARA HASIL PEMERIKSAAN
2009,TANDA TERIMA PENYERAHAN KELENGKAPAN DOKUMEN
2010,SURAT PERSETUJUAN / PENOLAKAN PERUBAHAN
2011,SURAT PERSETUJUAN / PENOLAKAN PEMBATALAN
2013,SURAT PENETAPAN BARANG LARANGAN/PEMBATASAN (SPBL)
2014,SURAT PENETAPAN PENYESUAIAN JAMINAN (SPPJ)
2015,NOTA PERMINTAAN DATA DAN/ATAU DOKUMEN (NPD)
2016,NOTA PERMINTAAN JAMINAN (NPJ)
2020,KONFIRMASI BAYAR (BILLING)
2021,INFORMASI NILAI PABEAN
2022,UNDANGAN KONSULTASI
2023,KIRIM BARANG LABORATORIUM
2024,KONFIRMASI BARANG
2026,SURAT PENETAPAN TARIF DAN/ATAU NILAI PABEAN (SPTNP)
2027,KONFIRMASI BAYAR (SPTNP)
2028,KONFIRMASI BAYAR (BILLING SPTNP/SPPBK)
2050,LPPT
2066,INSTRUKSI PEMERIKSAAN (IP)
2080,RESPON RUSH HANDLING (P4)
2090,RESPON UMUM
2099,RESPON ERROR AUTENTIFIKASI
23,PENERBITAN NOMOR DAFTAR
2300,RESPON PENERIMAAN
2301,NOTA PEMBERITAHUAN PENOLAKAN (REJECT)
2302,PEMBERITAHUAN PENERIMAAN PIB PENYELESAIAN (P4)
2303,SURAT PERSETUJUAN PENGELUARAN BARANG (SPPB)
2305,SURAT PERSETUJUAN PENYELESAIAN DOKUMEN (SPPD)
2306,SURAT PERSETUJUAN / PENOLAKAN PERUBAHAN
2307,SURAT PERSETUJUAN PEMBATALAN
2308,SURAT PERINTAH PEMERIKSAAN FISIK (SPPF)
2309,BERITA ACARA HASIL PEMERIKSAAN / LAPORAN HASIL PEMERIKSAAN FISIK (LHP)
2311,NOTA PEMBETULAN BC 2.3
2312,LAPORAN HASIL PEMERIKSAAN
2321,INFORMASI NILAI PABEAN
2322,UNDANGAN KONSULTASI
2323,KIRIM BARANG LABORATORIUM
2324,KONFIRMASI BARANG
2326,SURAT PENETAPAN TARIF DAN/ATAU NILAI PABEAN (SPTNP)
2327,KONFIRMASI BAYAR (SPTNP)
2328,KONFIRMASI BAYAR (BILLING SPTNP/SPPBK)
2390,RESPON UMUM
2399,RESPON ERROR AUTENTIFIKASI
25,PENERBITAN NOMOR DAFTAR
2500,RESPON PENERIMAAN
2501,NOTA PEMBERITAHUAN PENOLAKAN (REJECT)
2502,PEMBERITAHUAN PENERIMAAN PIB PENYELESAIAN (P4)
2503,SURAT PERSETUJUAN PENGELUARAN BARANG (SPPB)
2504,SURAT PEMBERITAHUAN JALUR KUNING (SPJK)
2505,SURAT PEMBERITAHUAN JALUR MERAH (SPJM)
2506,SURAT PERINTAH PEMERIKSAAN FISIK (SPPF)
2507,LAPORAN HASIL PEMERIKSAAN
2508,BERITA ACARA HASIL PEMERIKSAAN
2509,TANDA TERIMA PENYERAHAN KELENGKAPAN DOKUMEN
2510,SURAT PERSETUJUAN / PENOLAKAN PERUBAHAN
2511,SURAT PERSETUJUAN / PENOLAKAN PEMBATALAN
2515,NOTA PERMINTAAN DATA DAN/ATAU DOKUMEN (NPD)
2520,KONFIRMASI BAYAR (BILLING)
2521,INFORMASI NILAI PABEAN
2522,UNDANGAN KONSULTASI
2523,KIRIM BARANG LABORATORIUM
2524,KONFIRMASI BARANG
2526,SURAT PENETAPAN TARIF DAN/ATAU NILAI PABEAN (SPTNP)
2527,KONFIRMASI BAYAR (SPTNP)
2528,KONFIRMASI BAYAR (BILLING SPTNP/SPPBK)
2590,RESPON UMUM
2599,RESPON ERROR AUTENTIFIKASI
261,PENERBITAN NOMOR DAFTAR
26100,RESPON PENERIMAAN
26101,NOTA PEMBERITAHUAN PENOLAKAN (REJECT)
26102,PEMBERITAHUAN PENERIMAAN PIB PENYELESAIAN (P4)
26103,SURAT PERINTAH PEMERIKSAAN FISIK
26104,LAPORAN HASIL PEMERIKSAAN
26105,BERITA ACARA HASIL PEMERIKSAAN
26106,SURAT PERSETUJUAN / PENOLAKAN PERUBAHAN
26107,SURAT PERSETUJUAN / PENOLAKAN PEMBATALAN
26108,SURAT PERSETUJUAN PENGELUARAN BARANG (SPPB)
26109,SURAT PERSETUJUAN PENYELESAIAN DOKUMEN(SPPD)
26111,RESPON ERROR AUTENTIFIKASI BC261
26190,RESPON UMUM
262,PENERBITAN NOMOR DAFTAR
26200,RESPON PENERIMAAN
26201,NOTA PEMBERITAHUAN PENOLAKAN (REJECT)
26202,PEMBERITAHUAN PENERIMAAN PIB PENYELESAIAN (P4)
26203,SURAT PERINTAH PEMERIKSAAN FISIK
26204,LAPORAN HASIL PEMERIKSAAN
26205,BERITA ACARA HASIL PEMERIKSAAN
26206,SURAT PERSETUJUAN / PENOLAKAN PERUBAHAN
26207,SURAT PERSETUJUAN / PENOLAKAN PEMBATALAN
26208,SURAT PERSETUJUAN PENYELESAIAN DOKUMEN (SPPD)
26209,SURAT PERSETUJUAN PEMASUKAN KEMBALI BARANG (SPPKB)
26212,RESPON ERROR AUTENTIFIKASI BC262
26290,RESPON UMUM
27,PENERBITAN NOMOR DAFTAR
2700,RESPON PENERIMAAN
2701,NOTA PEMBERITAHUAN PENOLAKAN (REJECT)
2702,PEMBERITAHUAN PENERIMAAN PIB PENYELESAIAN (P4)
2703,SURAT PERSETUJUAN PENGELUARAN BARANG (SPPB)
2705,SURAT PERSETUJUAN PENYELESAIAN DOKUMEN (SPPD)
2706,SURAT PERSETUJUAN / PENOLAKAN PERUBAHAN
2707,SURAT PERSETUJUAN PEMBATALAN
2708,SURAT PERINTAH PEMERIKSAAN FISIK (SPPF)
2709,BERITA ACARA HASIL PEMERIKSAAN / LAPORAN HASIL PEMERIKSAAN FISIK (LHP)
2710,BERITA ACARA PEMERIKSAAN FISIK BARANG (BAPFB)
2790,RESPON UMUM
28,PENERBITAN NOMOR DAFTAR
2800,RESPON PENERIMAAN
2801,NOTA PEMBERITAHUAN PENOLAKAN (REJECT)
2802,PEMBERITAHUAN PENERIMAAN PIB PENYELESAIAN (P4)
2803,SURAT PERSETUJUAN PENGELUARAN BARANG (SPPB)
2804,SURAT PEMBERITAHUAN PEMERIKSAAN FISIK (SPPF)
2805,INSTRUKSI PEMERIKSAAN
2806,INSTRUKSI PEMERIKSAAN FISIK MELALUI PEMINDAI
2807,LAPORAN HASIL PEMERIKSAAN
2808,LAPORAN HASIL ANALISIS TAMPILAN (LHAT)
2809,LAPORAN HASIL ANALISIS TAMPILAN (LHAT)
2810,TANDA TERIMA PENYERAHAN KELENGKAPAN DOKUMEN
2811,SURAT PERSETUJUAN / PENOLAKAN PEMBATALAN
2812,SURAT PERSETUJUAN/PENOLAKAN PEMBATALAN BC 28
2813,SURAT PENETAPAN BARANG LARANGAN/PEMBATASAN (SPBL)
2814,SURAT PENETAPAN PENYESUAIAN JAMINAN (SPPJ)
2815,NOTA PERMINTAAN DATA DAN/ATAU DOKUMEN (NPD)
2816,NOTA PERMINTAAN JAMINAN (NPJ)
2817,SURAT PERSETUJUAN PENYELESAIAN DOKUMEN (SPPD)
2820,KONFIRMASI BAYAR (BILLING)
2821,INFORMASI NILAI PABEAN
2822,UNDANGAN KONSULTASI
2823,KIRIM BARANG LABORATORIUM
2824,KONFIRMASI BARANG
2826,SURAT PENETAPAN TARIF DAN/ATAU NILAI PABEAN (SPTNP)
2827,KONFIRMASI BAYAR (SPTNP)
2828,KONFIRMASI BAYAR (BILLING SPTNP/SPPBK)
2890,RESPON UMUM
2899,RESPON ERROR AUTENTIFIKASI
30,PENERBITAN NOMOR DAFTAR
3001,NOTA PEMBERITAHUAN PENOLAKAN (REJECT)
3010,RESPON REJECT PEB
3012,RESPON REJECT PKBE
3014,RESPON PPB
3015,RESPON NOTA PELAYANAN EKSPOR
3016,RESPON NOTA PELAYANAN EKSPOR PEB MERAH
3017,RESPON SPPBK
3020,RESPON PROSES PEB
3022,RESPON PROSES PKBE
3028,KONFIRMASI BAYAR (BILLING SPTNP/SPPBK)
3030,RESPON REJECT PERBAIKAN PEB
30360,RESPON LHPRE
3090,RESPON UMUM
3091,RESPON UMUM NPPD
3092,RESPON REKON MANIFES
30966,PERSETUJUAN PERUBAHAN
33,PENERBITAN NOMOR DAFTAR
3300,RESPON PENERIMAAN
3301,NOTA PEMBERITAHUAN PENOLAKAN (REJECT)
3302,PEMBERITAHUAN PENERIMAAN PIB PENYELESAIAN (P4)
3303,NOTA PERSETUJUAN PEMASUKAN BARANG EKSPOR (NPPBE)
3304,[KHUSUS 33] NOTA PELAYANAN EKSPOR (NPE)
3305,PEMBERITAHUAN KESIAPAN BARANG (PKB)
3306,PEMBERITAHUAN PEMERIKSAAN BARANG (PPB)
3307,NOTA PEMBETULAN
331,PENERBITAN NOMOR DAFTAR
33100,RESPON PENERIMAAN
33101,NOTA PEMBERITAHUAN PENOLAKAN (REJECT)
33102,PEMBERITAHUAN PENERIMAAN PIB PENYELESAIAN (P4)
33108,PEMBERITAHUAN PENGGABUNGAN DAN PEMECAHAN BARANG EKSPOR DAN TRANSHIPMENT (P3BET)
33109,NOTA PERSETUJUAN P3BET
3311,PEMBERITAHUAN PEMBETULAN BC 3.3 (PP-BC 3.3)
33110,PEMBERITAHUAN PENGAWASAN STUFFING (PPS)
33112,PEMBERITAHUAN PEMBETULAN P3BET (PP-P3BET)
33113,SURAT PERSETUJUAN PENGELUARAN BARANG EKSPOR DAN TRANSHIPMENT (SPPBET)
33114,SURAT PERSETUJUAN PEMASUKAN ATAU PENGELUARAN BARANG KE ATAU DARI PLB DAN/ATAU PEMUATAN BARANG KE SARANA PENGANGKUT SEBELUM PENYAMPAIAN PEMBERITAHUAN PABEAN
33115,SURAT PERMOHONAN PEMASUKAN ATAU PENGELUARAN BARANG KE ATAU DARI PLB DAN/ATAU PEMUATAN BARANG KE SARANA PENGANGKUT SEBELUM PENYAMPAIAN PEMBERITAHUAN PABEAN
33122,PERMOHONAN PENGELUARAN BARANG EKSPOR DAN TRANSHIPMENT
3316,INSTRUKSI PEMERIKSAAN (IP)
3317,INSTRUKSI PEMERIKSAAN MELALUI PEMINDAI
3318,LAPORAN HASIL PEMERIKSAAN (LHP)
33180,SURAT PERSETUJUAN / PENOLAKAN PERUBAHAN P3BET
3319,LAPORAN HASIL ANALISIS TAMPILAN (LHAT)
33190,RESPON UMUM
3320,BERITA ACARA PEMERIKSAAN FISIK BARANG
3321,TANDA TERIMA PENYERAHAN KELENGKAPAN DOKUMEN
3330,SURAT PENETAPAN PERHITUNGAN BEA KELUAR (SPPBK)
3380,SURAT PERSETUJUAN / PENOLAKAN PERUBAHAN BC33
3390,RESPON UMUM
511,PENERBITAN NOMOR DAFTAR
51101,NOTA PEMBERITAHUAN PENOLAKAN (REJECT)
51102,PEMBERITAHUAN PENERIMAAN PIB PENYELESAIAN (P4)
51103,SURAT PERSETUJUAN PENGELUARAN BARANG (SPPB)
51105,SURAT PEMERIKSAAN FISIK
51106,INSTRUKSI PEMERIKSAAN
51107,LAPORAN HASIL PEMERIKSAAN
51108,BERITA ACARA HASIL PEMERIKSAAN
51110,SURAT PERSETUJUAN / PENOLAKAN PERUBAHAN
51113,SURAT PENETAPAN BARANG LARANGAN/PEMBATASAN (SPBL)
51115,NOTA PERMINTAAN DATA DAN/ATAU DOKUMEN (NPD)
51199,RESPON ERROR AUTENTIFIKASI
513,PENERBITAN NOMOR DAFTAR
51301,NOTA PEMBERITAHUAN PENOLAKAN (REJECT)
51302,PEMBERITAHUAN PENERIMAAN PIB PENYELESAIAN (P4)
51303,SURAT PERSETUJUAN PENGELUARAN BARANG (SPPB)
51305,SURAT PEMERIKSAAN FISIK
51306,INSTRUKSI PEMERIKSAAN
51307,LAPORAN HASIL PEMERIKSAAN
51308,BERITA ACARA HASIL PEMERIKSAAN
51310,SURAT PERSETUJUAN / PENOLAKAN PERUBAHAN
51313,SURAT PENETAPAN BARANG LARANGAN/PEMBATASAN (SPBL)
51315,NOTA PERMINTAAN DATA DAN/ATAU DOKUMEN (NPD)
51320,KONFIRMASI BAYAR (BILLING)
51328,KONFIRMASI BAYAR (BILLING SPTNP/SPPBK)
51399,RESPON ERROR AUTENTIFIKASI
