code,name,parent_code
007X,GUDANG 007,000000
0402,TPS/GD.KPBC TANJUNG PRIOK II,000000
200X,"GUDANG 200X, POS E",000000
202X,LAPANGAN 202X,000000
207X,GD/LAP.207X,000000
209X,GD/LAP.209-210,000000
213X,GUDANG 213X,000000
300X,GD/LAP.300-302,000000
304X,GD/LAP.304-305,000000
4104,GUDANG 104,000000
7KAB,KABER PT. BONECOM,000000
AIRN,PT. AIRIN (DP3),000000
ASRI,KABER PT. BRENTANINDO ASRI,000000
BINA,PT. BINA SARANA AMITY (DP3),000000
CENT,PT. CENTRAL SARANA NIAGA MAKMUR (DP3),000000
CVSU,CV. SETIAWAN UTAMA,000000
DHAR,KABER PT. DHARMA KARYA PERDANA,000000
DWIP,PT.DWIPA,000000
EXPR,KABER PT. DUNIA EXPRES,000000
FORD,PPGB PT. FORD MOTOR INDONESIA,000000
G107,GUDANG 107,000000
G114,GUDANG 114,000000
G115,GUDANG 115,000000
G201,GUDANG 201,000000
G203,GUDANG 203,000000
G813,GUDANG 108 -113,000000
GAPI,GUDANG API / PRIMANATA,000000
GCFS,GUDANG CFS NUSANTARA/PERCA,000000
GCTU,PT. GUNA CITRA TRANS UTAMA,000000
GDKP,GB PT DHARMA KARYA PERDANA,000000
GMS1,GUDANG MAS SATRIA,000000
GSAL,GLOBAL SARANA LOGISTIK,000000
GSRA,LAP.GRAHA SEGARA,000000
GTAM,GUDANG BERIKAT TOYOTA ASTRA MOTOR,000000
HMLA,PT. HARJA MUKTI LANGGENG (DP3),000000
INFO,KABER. PT. INFOPEN,000000
INTI,KABER. PT.BENOLI INTI KARYA,000000
JAYA,KABER. PT. LAUTAN JAYA KUMALA,000000
KARA,PT. KARAVAN (TPS),000000
KOJA,LAP KOJA - KSO TPK KOJA,000000
L006,TPS LAP 006-007 PT. PRIMA NP,000000
LOKA,KABER. PT. PESAKA LOKA KIRANA,000000
MAPR,PT.MITRA ABADI PRATAMA(UGD),000000
MARU,KABER. MARUNDA,000000
MBPU,PT. MULTI BINA PURA (DP3),000000
MMLG,MM LOGISTIK,000000
MORI,PT.MORIS (DP3),000000
MSAB,MULTI SEJAHTERA ABADI,000000
MSAP,PT.MSA,000000
NISE,PT. NIHON SEIKI INDONESIA,000000
NLIJ,PT. NITTSU LEMO INDONESIA LOGISTIK,000000
NUSA,KABER. NUSANTARA TG. PRIOK,000000
PESA,PT. PESAKA LOKA KIRANA (TPS),000000
PGFA,PT. GELOMBANG FAJAR,000000
PJDC,PT. JAKARTA DISTRIBUTION CENTRE,000000
PLII,PT. PELABUHAN INDONESIA II,000000
PPUN,PT. PUNINAR SARANA RAYA,000000
PSAP,PT. PUTRA SIGAOL ARGANTA PERKASA,000000
PUNI,PT. PUNINAR PACIFIC (DP3),000000
RA33,GUDANG RA 33-35,000000
RAYA,PT.AGUNG RAYA,000000
RUNA,PT. BIMARUNA JAYA (DP3),000000
SDKP,TPS PT DHARMA KARYA PERDANA,000000
SENA,LAP. TIMBUN SENAWANGI,000000
SOSO,GUDANG PASOSO/CDC,000000
SUPA,GUDANG SUNDA KELAPA,000000
T09X,GUDANG DAN LAP. TIMBUN 009X,000000
T106,GUDANG DAN LAP. TIMBUN 106,000000
T208,GD/LAP.208,000000
T303,GD/LAP303,000000
TIKA,GD. DHARMA KARTIKA BAKTI,000000
TMAL,PT. MUSTIKA ALAM LESTARI,000000
TMKT,PT. MASAJI KARGOSENTRA TAMA,000000
TMSA,TPP PT. MULTI SEJAHTERA ABADI ( TP I ),000000
TMSI,LAP. TIMBUN MTI (BANDA) 215X,000000
TNDO,PT. TRANSPORINDO LP,000000
TPK1,UTPK 1 IMPOR,000000
TPK2,UTPK II,000000
TPK3,UTPK III,000000
TRAN,TRANSPORTAMA SELATAN / T S I,000000
TRIS,PT. TRI SARI,000000
TRMA,PT. LAUTAN TIRTA TRANSPORTAMA,000000
TUNG,PT. TUNGYA COLLINS TERMINAL,000000
ULIM,PT. UJUNG LIMA (DP3),000000
UTPK,UTPK DUMMY,000000
111,111,009000
123,IKC,009000
2022,APK2022,009000
250422,TEST-IKC25,009000
281,test gudang,009000
2910,Coba SB,009000
2X11,SCICIN,009000
666,666,009000
99,Sembian9,009000
999,TES2023,009000
A,PT,009000
abc123,abc123,009000
abcd,coba saja,009000
abdc,coba saja,009000
AI,AI,009000
AISE,AISE,009000
APK1,GROUP1,009000
APK22,APK,009000
BATM,BATAM,009000
C7,C7,009000
CCC,Command Center,009000
CK01,Gudang Cukai,009000
CK02,Gudang Cukai,009000
coba,TPSGUDANG,009000
DABN,PT. Delta Artha Bahari Nusantara,009000
DIKC,DIKC,009000
EDII,EDIITES,009000
G001,G_pertama,009000
G2910,Group Gudang SB,009000
G666,GUDANG6,009000
GD01,GUDANG COBA,009000
GD12,Gudang IKC,009000
GG1,GROUP GUDANG 1,009000
Glol3,lol3,009000
GR01,PRIOK,009000
GRUP,Grup coba,009000
IKC,test IKC,009000
IKC-1,LANTAI 2,009000
IKC18822,mantap,009000
IKC2022,Gudang IKC,009000
IKC99,Sembila9,009000
IKCIKC,Gudang IKCIKC,009000
JOKI,JOKI 1,009000
KD-G1,GUDANG-1,009000
KYUTNM,2X11,009000
lol2,lol2,009000
lol3,testing,009000
mess,mess dikc,009000
PDG2022,Kijang 1,009000
PKIMLE,DIKCFajri,009000
popop,popop,009000
PR01,PRIOK1,009000
R5,test5,009000
R7,Test7,009000
SANF,SANFORD,009000
SCC,SCC,009000
TB099,test,009000
TEST1,TEST1,009000
TEST3,TEST GUDANG 3,009000
tets,temfnf dfd2 sds,009000
TPS1,GRAHAA,009000
TT,oke,009000
ZX01,GRUP ZX01,009000
AERO,PT AEROFOOD INDONESIA,010100
BS,PT. Birotika Semesta,010100
CAI3,PT CELEBI AVIATION INDONESIA,010100
DHL,GUDANG BIROTIKA SEMESTA / DHL,010100
DHL3,PT. Birotika Semesta,010100
G0002,PT. POS INDONESIA (PERSERO),010100
G001,PT CELEBI AVIATION INDONESIA,010100
G002,G002,010100
G004,PT DUFRINDO INTERNASIONAL,010100
G01,TPB-PT JAS AERO ENGINEERING SERVICE,010100
GUDANG JASA ANGKASA SEMESTA,GUDANG JASA ANGKASA SEMESTA,010100
JAE3,PT JAS AERO ENGINEERING SERVICE,010100
MONANG SIANIPAR ABADI,MONANG SIANIPAR ABADI,010100
MSA,MONANG SIANIPAR ABADI,010100
MSA3,PT. MONANG SIANIPAR ABADI,010100
POS,PT. POS INDONESIA (PERSERO),010100
TPB,PT. INDAH PRIMA,010100
1014,GUDANG 102 - 104,010700
1059,GUDANG 105 -109,010700
2030,GUDANG 201 - 203 & 301 - 303,010700
ALPI,GUDANG ALPINE,010700
ASK1,TPS ARTHA SAMUDRA KONTINDO,010700
BTI1,GUDANG BIOMASS,010700
G001,TPFT GRAHA SEGARA,010700
G110,GUDANG 110 - 113,010700
GABI,TERMINAL B (EKS BICT),010700
IN01,GUDANG PLB INDUSTRI NABARI LESTARI,010700
MBC1,GUDANG MONTANE BIOFUELS,010700
MERA,GUDANG MERAH 001 - 008,010700
MKT,TPS MKT,010700
MM01,GUDANG MUSIM MAS BELAWAN 01,010700
PPM1,GUDANG PALMINDO INDUSTRI 1,010700
PRIM,TERMINAL A (EKS PRIMA),010700
RC01,GUDANG ALPINE,010700
SG1,TPS SARANA GEMILANG UJUNG BARU,010700
UNI2,UNILEVER OLEOCHEMICAL INDONESIA,010700
G001,Gudang 01,010900
ACPI,ALLIANCE,011000
ACPI 01,ALLIANCE,011000
AICE,PT AICE SUMATERA INDUSTRY,011000
BIS,PT BASIC INTERNATIONAL SUMATERA,011000
INL,PT INDUSTRI NABATI LESTARI,011000
SMNT 01,PT SMNT,011000
SOI,PT SHEEL OIL INDONESIA,011000
STP,PT STP,011000
STP1,PT STP,011000
STTC,SUMATRA TOBACCO TRADING COMPANY,011000
TPL,PT TPL,011000
TRI,PT TANIMAS RESOURCES INTERNATIONAL,011000
UOI,UNILEVER,011000
UOI 01,PT UNILEVER,011000
UOi 02,PT API,011000
GD01,TPS PELINDO,011100
INAL,Indonesia Asahan Aluminium,011200
KTMT,KUALA TANJUNG MULTIPURPOSE TERMINAL,011200
LPIN,Lapangan Penimbunan Inalum,011200
PPMT,PT PRIMA MULTI TERMINAL,011200
PPTI,PT PRIMA TANGKI INDONESIA,011200
TMNA,PT. MULTIMAS NABATI ASAHAN,011200
TPTI,TANGKI PRIMA TANGKI INDONESIA,011200
1001,TANGKI TIMBUN MTP,011300
1002,DERMAGA PELABUHAN SIBOLGA,011300
1003,MUJUR TIMBER,011300
G001,TANGKI TIMBUN MTP,011300
GD01,GUDANG LAINNYA,011300
GD02,DERMAGA PELABUHAN SIBOLGA,011300
GD03,MUJUR TIMBER,011300
1A,Tanki Timbun PT. Wilmar Nabati Indonesia,011500
APKA,GUDANG TPS ANGKASA PURA KARGO,011500
G1,Pelabuhan,011500
G101,GUDANG 101,011500
G102,GUDANG 102,011500
G104,GUDANG 104,011500
GPS,Gudang Cilacap dan Gudang Persada,011500
L001,LAINNYA,011500
LAINNYA,Tempat Lain Yang Diperlakukan Sama Dengan TPS,011500
Pelabuhan,Pelabuhan,011500
PRC1,Tanki Timbun PT. Padang Raya Cakrawala,011500
TPBPRC,Tanki Timbun PT. Padang Raya Cakrawala,011500
TPBUIP,Tanki Timbun PT. Usaha Inti Padang,011500
TPBWIM,Tanki Timbun PT. Wira Inno Mas,011500
TPBWNI,Tanki Timbun PT. Wilmar Nabati Indonesia,011500
UIP1,Tanki Timbun PT. Usaha Inti Padang,011500
WIM1,Tanki Timbun PT. Wira Inno Mas,011500
YARD,lapangan penimbunan / container yard,011500
TB01,TANJUNG BALAI KARIMUN,020100
TB02,Hanggar Parit Rempak,020100
TB03,Hanggar Moro,020100
TB04,Hanggar Tg. Batu / Tg. Berlian,020100
TBK1,Tanjung Balai Karimun,020100
TBK2,Hanggar Parit Rempak,020100
TBK3,Hanggar Moro,020100
TBK4,Hanggar Tg. Batu / Tg. Berlian,020100
BHND,TERMINAL HANG NADIM,020400
BT01,BATU AMPAR,020400
BT05,HANG NADIM,020400
BT07,KABIL PTK,020400
BT08,PUNGGUR,020400
BT09,SEKUPANG,020400
BT10,SEWU,020400
BT11,TELUK SENIMBA,020400
BT12,SAGULUNG / TANJUNG UNCANG,020400
BT13,BIROTIKA SEMESTA,020400
BT15,BINTANG 99 PERSADA,020400
BT18,PERSERO KARGO,020400
BT19,DBM,020400
BT20,INDO BERJAYA LOGISTIK,020400
BT21,PUKADARA PRANAPERKASA,020400
BT22,INTI BAROKAH UTAMA,020400
BT23,GLOBAL LOGISTIK BERSAMA,020400
BT24,ANDALAN EXPRESS INDONESIA,020400
BT25,ANGKASA PURA LOGISTIK,020400
BT26,PT MAJESTY GLOBAL SEJAHTERA,020400
BT27,POS INDONESIA PERSERO,020400
BT28,FEDEX EXPRESS INTERNATIONAL,020400
BT29,INTEGRASI AVIASI SOLUSI,020400
BT30,PT GLOBAL SARANA SEMESTA,020400
BT7B,SEMBLOG,020400
KI01,KANTOR INDUK,020400
KTIN,KANTOR INDUK (PERIKSA LUAR KAWASAN),020400
PB99,PELABUHAN BINTANG 99 PERSADA,020400
PBLP,SAMBU BLP,020400
PBTA,PELABUHAN BATU AMPAR,020400
PE01,PERTAMINA PERSERO,020400
PHBB,PELABUHAN HARBOUR BAY,020400
PKBL,PELABUHAN KABIL,020400
PMRN,PELABUHAN MARINA,020400
PPGR,PELABUHAN PUNGGUR,020400
PS01,SAMBU BLP,020400
PSKP,PELABUHAN SEKUPANG,020400
PSWU,PELABUHAN SEWU,020400
TAEI,TPS ANDALAN EXPRESS INDONESIA,020400
TAPL,TPS ANGKASA PURA LOGISTIK,020400
TDBM,TPS DBM,020400
TDHL,TPS BIROTIKA SEMESTA,020400
TFED,TPS FEDEX EXPRESS INTERNATIONAL,020400
TGLB,TPS GLOBAL LOGISTIK BERSAMA,020400
TGSS,TPS GLOBAL SARANA SEMESTA,020400
TIAS,TPS INTEGRASI AVIASI SOLUSI,020400
TIBL,TPS INDO BERJAYA LOGISTIK,020400
TIBU,TPS INTI BAROKAH UTAMA,020400
TJSH,PULAU TANJUNG SAUH,020400
TPOS,TPS POS INDONESIA PERSERO,020400
TPPP,TPS PUKADARA PRANAPERKASA,020400
TPSR,TPS PERSERO KARGO,020400
TS01,Pulau Tanjung Sauh,020400
BBT01,BANDAR BINTAN TELANI,020500
BBT02,GRUP GUDANG BANDAR BINTAN TELANI,020500
BIIE,BIIE,020500
DP01,DOMPAK,020500
DP02,GRUP GUDANG DOMPAK,020500
L01,LOBAM,020500
L02,GRUP GUDANG LOBAM,020500
M01,MATAK BASE,020500
M02,GRUP GUDANG MATAK BASE,020500
N01,NATUNA,020500
N02,GRUP GUDANG NATUNA,020500
PTK1,PETEKA KARYA TIRTA,020500
PTK2,GRUP GUDANG PETEKA KARYA TIRTA,020500
TP01,PELABUHAN KIJANG,020500
TP02,PELABUHAN BATU VI,020500
TP11,GRUP GUDANG PELABUHAN KIJANG,020500
TP22,GRUP GUDANG PELABUHAN BATU VI,020500
TR01,TAREMPA,020500
TR02,GRUP GUDANG TAREMPA,020500
TU02,TANJUNG UBAN,020500
TU22,GRUP GUDANG TANJUNG UBAN,020500
G001,Gudang 1,020900
G002,Gudang 2,020900
GDBP,TPS PT DUMAI BONE PERKASA,020900
GIVM,GUDANG IVO MAS,020900
GKLK,PDPLB KLK,020900
GMMC,TPS PT MULTI MAS CHEMINDO,020900
GPLI,GUDANG PT PELINDO DUMAI,020900
GSDO,Gudang PT. SDO,020900
GSDS,Gudang PT. SDS Lubuk Gaung,020900
GTPB,KAWASAN BERIKAT,020900
KIBP,KAWASAN INDUSTRI INTIBENUA,020900
LAIN,Gudang Luar Kawasan Pabean Lainnya,020900
P001,GUDANG PACIFIC INDOPALM INDUSTRIES,020900
BDP,GUDANG BENGKALIS DOCKINDO PERKASA,021100
BKS1,GUDANG IMPORTIR BENGKALIS,021100
BKS2,BENGKALIS,021100
GIA,GUDANG IMPORTIR ASEAN JAYA,021100
GIAJ,GUDANG IMPORTIR ASEAN JAYA,021100
GIES,GUDANG IMPORTIR ESSENSIAL SUCCES,021100
GISJ,GUDANG IMPORTIR SUMARLIN JAYA,021100
GPL,GUDANG MILIK PT.PELINDO I,021100
GPS,GUDANG MILIK PT.PELINDO I,021100
AKEK,EKSPOR ANGKASA PURA KARGO PEKANBARU,021200
AKIM,IMPOR ANGKASA PURA KARGO PEKANBARU,021200
BLKP,GB PT. Bumi Lancang Kuning Pusaka,021200
G01,"POS PENGAWASAN PEL.RUMBAI, PPK BTA TELUK LEMBU, PEL.PEKANBARU (PEL. LINE 1, PEL. FERI SEI DUKU)",021200
G02,HANGGAR TERMINAL INTERNATIONAL AIRPORT SSK II DAN HANGGAR KARGO INTERNATIONAL SSK II,021200
G03,"HANGGAR GB PT. BUMI LANCANG KUNING PUSAKA, PLB PT. SURYA INTI PRIMAKARYA, DAN PDPLB TANGGUH AGRO JAYA",021200
G04,"HANGGAR POS 9, KAWASAN PABEAN DAN TPS PELABUHAN FUTONG, SERTA KAWASAN PABEAN DAN TPS PELABUHAN BUATAN",021200
G05,"HANGGAR POS 2, POS 8 DAN KB DAN PDKB GRUP RAPP",021200
G06,"HANGGAR TPS PEL. PELINDO PERAWANG, SERTA PEL. BITUMIN DAN PEL. MAREDAN",021200
G07,HANGGAR TPS PT. IKPP SERTA RASAU KUNING DAN PT. COSMIC PERAWANG,021200
G08,"KANTOR BANTU PELAYANAN SIAK SRI INDRAPURA, POS PENGAWASAN PEL. SUNGAI APIT. PEL. TANJUNG BUTON DAN PEL KITB",021200
G09,"PELAYANAN TPP (BTD, BDN, BMN)",021200
GAKU,ANUGRAH KERTAS UTAMA,021200
GAPK,ASIA PRIMA KIMIARAYA,021200
GAPR,ASIA PACIFIC RAYON,021200
GAPY,ASIA PACIFIC YARN,021200
GBTA,TEMPAT PENIMBUNAN PT. BTA SEI DUKUH,021200
GBTN,KAWASAN PELABUHAN TANJUNG BUTON,021200
GDLK,Gudang di Luar Kawasan Pabean,021200
GECC,ESENSINDO CIPTA CEMERLANG,021200
GITG,INTIGUNA PRIMATAMA,021200
GMPS,MANDALA PERSADA SAKTI,021200
GPEB,"TEMPAT PENIMBUNAN PT. PANCA EKA BINA PLYWOOD INDUSTRY, MEREMPAN HULU, SIAK SRI INDRAPURA",021200
GRAK,RIAU ANDALAN KERTAS,021200
GRPE,RIAU PRIMA ENERGI,021200
GRPP,RIAU ANDALAN PULP AND PAPER,021200
GTPP,TPP BC PEKANBARU,021200
IKPP,TPS PT IKPP PERAWANG,021200
LFTG,TPS FUTONG RAPP,021200
PLPW,PELINDO PERAWANG,021200
RAPI,RIAU ANDALAN PAPERBOARD INTERNATIONAL,021200
RAPP,TPS BUATAN RAPP,021200
SYI1,PLB SURYA INTI PRIMAKARYA,021200
0011,DERMAGA PELABUHAN SENDOLAS,021500
0012,"PELABUHAN PELINDO KUALA CENAKU, RENGAT",021500
0013,LAPANGAN PENIMBUNAN PT. BANYU BENING UTAMA,021500
0014,PELABUHAN TELUK BAGUS,021500
0015,GUDANG ARJUNA CORPORATION,021500
0016,TPS PT. AGRO SARIMAS INDONESIA,021500
0017,GUDANG H. SINRING,021500
0018,GUDANG PARIT 7 TEMBILAHAN,021500
0019,DERMAGA PT. BHUMIREKSA NUSASEJATI,021500
0020,PELABUHAN HK SUNGAI GUNTUNG,021500
0021,LAPANGAN PENIMBUNAN DESA TANJUNG SIMPANG,021500
0022,GUDANG PT. TH. INDO PLANTATIONS,021500
0023,DERMAGA KAWASAN BERIKAT PT. PSKE,021500
0024,DERMAGA KAWASAN BERIKAT PT. PSG,021500
0025,DERMAGA KAWASAN BERIKAT PT. RSUP,021500
0026,KAWASAN PELABUHAN SEI BAYAS,021500
0027,GUDANG PARIT 5 TEMBILAHAN,021500
0028,TALANG JERINJING RENGAT,021500
0029,PELABUHAN ALI SUNGAI GUNTUNG,021500
0030,GUDANG H.SUDIR,021500
0031,GUDANG EDI PARIT 8 SUNGAI GUNTUNG,021500
0032,PT. SUMATRA TIMURINDONESIA,021500
0033,GUDANG H.YAHYA KUALA ENOK,021500
0034,PKS-TJS RENGAT,021500
0035,"PKS PT. GIN DESA TANJUNG SIMPANG, PELANGIRAN",021500
0036,GUDANG H. SAMAN PARIT 8 TEMBILAHAN,021500
0037,"GUDANG MARLIS, PARIT 8 SUNGAI GUNTUNG",021500
0038,GUDANG H. SAMAN PARIT 9 TEMBILAHAN,021500
0039,GUDANG SULTAN PARIT 8 SUNGAI GUNTUNG,021500
0040,"GUDANG SUPRIYADI, PARIT 8 SUNGAI GUNTUNG",021500
013,Lapangan Penimbunan PT. Banyu Being Utama,021500
11,DERMAGA PELABUHAN SENDOLAS,021500
12,"PELABUHAN PELINDO KUALA CENAKU, RENGAT",021500
13,Lapangan Penimbunan PT. Banyu Bening Utama,021500
14,PELABUHAN TELUK BAGUS,021500
15,Gudang di Tembilahan,021500
16,TPS PT. AGRO SARIMAS INDONESIA,021500
17,GUDANG H. SINRING,021500
18,GUDANG PARIT 7 TEMBILAHAN,021500
19,Dermaga PT. Bhumireksa Nusasejati,021500
20,PELABUHAN HK SUNGAI GUNTUNG,021500
21,LAPANGAN PENIMBUNAN DESA TANJUNG SIMPANG,021500
22,GUDANG PT. TH. INDO PLANTATIONS,021500
23,DERMAGA KAWASAN BERIKAT PT. PSKE,021500
24,DERMAGA KAWASAN BERIKAT PT. PSG,021500
25,DERMAGA KAWASAN BERIKAT PT. RSUP,021500
26,KAWASAN PELABUHAN SEI BAYAS,021500
27,GUDANG PARIT 5 TEMBILAHAN,021500
28,TALANG JERINJING RENGAT,021500
29,PELABUHAN ALI SUNGAI GUNTUNG,021500
30,GUDANG H.SUDIR,021500
31,GUDANG EDI PARIT 8 SUNGAI GUNTUNG,021500
32,PT. SUMATRA TIMURINDONESIA,021500
33,GUDANG H.YAHYA KUALA ENOK,021500
34,PKS-TJS RENGAT,021500
35,"PKS PT. GIN DESA TANJUNG SIMPANG, PELANGIRAN",021500
36,GUDANG H. SAMAN PARIT 8 TEMBILAHAN,021500
37,"GUDANG MARLIS, PARIT 8 SUNGAI GUNTUNG",021500
38,GUDANG H. SAMAN PARIT 9 TEMBILAHAN,021500
39,GUDANG SULTAN PARIT 8 SUNGAI GUNTUNG,021500
40,"Pelabuhan H.Jafar, Jl. Gerilya, Parit 7, Tembilahan",021500
41,Pelabuhan Rumbai Jaya,021500
42,Gudang Kawasan Berikat PT. ISK,021500
43,"Pelabuhan Gudang Supriyadi, Parit 8 Sungai Guntung",021500
44,Gudang Mitra Asia Indragiri,021500
45,"Ujang, Jln Gerilya , Parit 8 Kel. Tembilahan Hulu",021500
G,Gudang di Sungai Guntung,021500
Guntung,Guntung,021500
"Rengat, ISK, dan Bayas","Gudang di Rengat, ISK, dan Bayas",021500
Tembilahan,Gudang di Tembilahan,021500
3,BANDARA SMB,030100
BBHI,GUDANG BOOM BARU,030100
BBPK,Gudang UTPK,030100
BM,BOOMBARU,030100
G001,GUDANG BOOM BARU,030100
G005,OKI PULP & PAPER,030100
G008,PT MARIANA BAHAGIA,030100
GDIM,Gudang Importir,030100
KPS,KANTOR POS,030100
LP01,ALPINE PALM RESOURCES,030100
OKI,TPS OKI,030100
OKPP,OKI PULP & PAPER,030100
PSIP,PT SURYA INTI PRIMAKARYA,030100
PSR,PUSRI,030100
PSRI,PUSRI,030100
TIAS,INTEGRASI AVIASI SOLUSI,030100
ALSN,GUDANG PT ALISAN CATUR PAGAR DEWA,030200
DKPSBM,Gudang PT. Sinarbaai Mandiri,030200
GDIM,GUDANG IMPORTIR,030200
HMI,PT HONG MING INDUSTRY,030200
HOM,PT Hong Ming Industry,030200
IDPB,PELINDO NUSANTARA,030200
IPC,Pellindo II Bengkulu,030200
KLS,TONGKANG PT KUDA LAUT SEJAHTERA,030200
SBM,GUDANG PT SINARBAAI MANDIRI,030200
001,PANGKALBALAM,030300
002,PELABUHAN KHUSUS PT. TIMAH MUNTOK,030300
003,TANJUNG GUDANG BELINYU,030300
004,Gudang PT Mitra Stania Prima,030300
005,Lapangan Penimbunan PT Masindo Berkah Utama,030300
BCPP,Pangkalpinang,030300
IX01,ICDX LOGISTIK BERIKAT,030300
GLK,Gudang Luar Kawasan Pabean,030500
KBSWP,Kawasan Berikat PT Steelindo Wahana Perkasa,030500
KPTJQ,Kawasan Pabean Pelabuhan Tanjungpandan,030500
PTKG,PELABUHAN TANJUNG KLUANG,030500
PTP1,Lapangan Penimbunan PTP,030500
PTP2,Lapangan Penimbunan Peti Kemas PTP,030500
PTP3,Gudang Penimbunan PTP,030500
PTPD,PELABUHAN TANJUNG PANDAN,030500
PTPG,Terminal Khusus Pelabuhan Tanjung Kluang,030500
RJ,Gudang PT Rebinmas,030500
UTPK,Terminal Peti Kemas,030500
AGM1,PT AGRO MURNI,030600
BINS,Gudang PT. Bintang Selamanya,030600
BNP1,Gudang PT. Budi Nabati Perkasa,030600
BUST,Bandar Udara Sultan Thaha,030600
BUT,GD. BUT Petrochina,030600
CVBU,GD CV.BERKAT USAHA,030600
GDEWF,Gudang PT. Erasakti Wiraforestama,030600
GDM,Gudang PT Mitra Liga Sukses,030600
GSJU,Gudang PT Sarana Jambi Utama,030600
GSKA,GUDANG CV SUMBER KARYA ABADI,030600
Gudang Kurnia Tunggal Nugraha,KTN,030600
JASI,Gudang PT. Jasmine Indah,030600
KTKL,KUALA TUNGKAL,030600
KTN,GUDANG KURNIA TUNGGAL NUGRAHA,030600
LK,LUAR KAWASAN,030600
LPPI,Gudang PT. LPPI,030600
LPPPI,LPPPI,030600
MSBK,MUARA SABAK,030600
NIP,NIPAH PANJANG,030600
PEL2,Gudang PT.Pelindo II,030600
PELM,Pelabuhan Muara Sabak,030600
PO01,PERINTIS LINTAS TALANG DUKU - PACIFIC INDOPALM INDUSTRIES,030600
PTBS,GD. PT. Budiman Sukses,030600
PTJI,GD PT.JASMINE INDAH,030600
PTJI1,Gudang PT JASMINE INDAH,030600
SDS2,Perintis Lintas Talang Duku - Sari Dumai Sejati,030600
SIP1,SUMBER INDAHPERKASA,030600
TLS1,Gudang CV Tepi Laut Sejahtera,030600
AJP,PT. AMAN JAYA PERDANA,030700
AJP1,PT. AMAN JAYA PERDANA,030700
BMI,BUMI MENARA INTERNUSA,030700
BRE,BROMELAINE ENZYME,030700
BSA,BINA SINAR AMITY,030700
BTRJ,PUSLATPUR BATURAJA,030700
CES,PT CIPTA ECO SWADAYA,030700
CES1,PT CIPTA ECO SWADAYA,030700
DIPA,DIPASENA,030700
DJI,DOMUS JAYA,030700
FI1,FERMENTECH INDONESIA,030700
G001,GROUP 001,030700
GD01,GUDANG 01,030700
GD02,GUDANG 02/03,030700
GD07,GUDANG IMPORTIR 2,030700
GD09,GUDANG IMPORTIR 1,030700
GGP1,Great Giant Pineapple Terbanggi,030700
GGP2,Great Giant Pineapple Way Kambas,030700
GGPI,Great Giant Pineapple Terbanggi,030700
GL01,GUDANG PT. POS INDONESIA,030700
LDC,PT. LDC INDONESIA,030700
NPA,Natura Perisa Aroma,030700
PBA,PUTRABALI ADYAMULIA,030700
PHI,PT. PHILIPPS SEAFOODS INDONESIA,030700
PSI,Phillips Seafoods Indonesia,030700
SIP,PT SUMBER INDAHPERKASA,030700
SIP1,PT SUMBER INDAHPERKASA,030700
SJIM,PT SINAR JAYA INTI MULYA,030700
SMB,TELUK SEMANGKA,030700
SUC1,PT SUCDEN COFFEE INDONESIA,030700
SUCD,SUCDEN COFFEE INDONESIA,030700
SUM1,GUDANG SUMBER INDAHPERKASA,030700
UTPK,UNIT TERMINAL PETI KEMAS,030700
Y7Y9,"YON 7 & YON 9 (GEBANG, PADANG CERMIN, PESAWARAN REGENCY, LAMPUNG)",030700
101U,"LAP 101U-101, PT. PELINDO II",040300
106B,"LAP 106B - PRIMANATA JP, PT",040300
106X,"LAP 106X-PELINDO PRIOK, PT",040300
207X,"GD&LAP.207X - ACT CONT, PT",040300
213,PAGi,040300
214X,LAP 214X SELATAN,040300
215X,"LAP 215X - M T I, PT",040300
221X,GUDANG DAN LAPANGAN 221X,040300
223X,LAPANGAN 223X,040300
27XT,LAP 207X TMR-106X,040300
909,COBA SORE,040300
AB16,GUDANG DAN LAPANGAN AMBON,040300
AIRN,PT. AIRIN (DP3),040300
ARNB,Gudang & Lapangan Airin Barat,040300
ARNU,Gudang & Lapangan Airin Utara,040300
BAK1,Lap. Petikemas dan Gudang PT. Buana Amanah Karya,040300
BAND,"GD & LAP CDC BANDA - MTI, PT",040300
BERD,"GD & LAP - BERDIKARI, PT",040300
CART,"CAR TERMINAL-PELINDO,PT",040300
CDP1,Gudang CDP,040300
DHAR,PT. DHARMA KARYA PERDANA,040300
DKB0,"DHARMA KARTIKA BHAKTI, PT",040300
DMK1,"GD & LAP - DWIPA MK, PT",040300
G109,GD & LAP 109,040300
G209,GUDANG 209,040300
GCFS,"GD CFS NUSANTARA -MTI, PT",040300
GL20,GD 202 & 203 LAP 201/202/203,040300
GRHA,"TPFT GRAHA, JICT, KOJA",040300
GSRA,"LAP G. SEGARA-GRAHA S.,PT",040300
INTI,PT. INTI MANDIRI UTAMA TRANS,040300
ISM1,"GD - INDOFOOD SM, PT",040300
KOJA,LAP KOJA-KSO TPK KOJA,040300
KTM0,LAP. PENIMBUNAN PETIKEMAS PT KODJA TERRAMARIN,040300
LA20,"LAP 203X, 204X",040300
LCL,"LCL,NON CLUSTER",040300
MKT1,Gudang dan Lapangan 222x,040300
MTI1,LAP. HALAL HUB PT MTI JL. SULAWESI NO. 1,040300
NCT1,New Port Container Terminal One,040300
NPCT,NPCT ONE,040300
PECN,"GD EX ARSA, PT. MTI",040300
PESA,PT. PESAKA LOKA KIRANA (TPS),040300
PRJP,LAP PETI KEMAS EX. AREAL KBN,040300
RAYA,"GD&LAP JL BANGKA - AR,PT",040300
RAYB,PT. Agung Raya,040300
SDKP,TPS PT DHARMA KARYA PERDANA,040300
T005,GD & LAP 005 - PT. Pelindo,040300
T007,"GUDANG & LAPANGAN 007, PT. PELINDO II",040300
T009,"LAP 009 - M T I, PT",040300
T303,"LAP303,304,305-TANGGUH SJ,PT",040300
TER3,"EX.TBB, GUDANG 301-305",040300
TLKP,TIMBUN LUAR KAWASAN PABEAN,040300
TMAL,"LAP 212&300-MAL, PT",040300
TND2,"GD & LAP 2-TRANSPORINDO LIMA PERKASA, KEP-4483",040300
TNDO,"GD & LAP -TRANSPORINDO LIMA PERKASA, PT",040300
TPFT,TPFT JICT,040300
TPK1,"UTPK I - JICT, PT",040300
TPSL,TPS LAIN,040300
TRAN,"GD JL RE MARTADINATA-TRANS SI, PT",040300
TRMA,"GD&LAP-LAUTAN T. TRANS, PT",040300
UTPK,UTPK III,040300
WIRA,"WIRA MITRA PRIMA, PT",040300
XLKK,LAP. EX LAHAN KEBAKARAN KALIBARU-PT.PELINDO II,040300
1100,Wilayah Kerja I,040400
1200,Wilayah Kerja III,040400
1300,Wilayah Kerja I,040400
1400,Wilayah Kerja II,040400
2100,Wilayah Kerja III,040400
2200,Wilayah Kerja I,040400
2400,Wilayah Kerja I,040400
3100,Wilayah Kerja II,040400
3400,Administrasi TPB III-04,040400
3600,Wilayah Kerja II,040400
3800,Wilayah Kerja I,040400
4100,Wilayah Kerja I,040400
4200,Wilayah Kerja II,040400
4300,Wilayah Kerja III,040400
4400,Wilayah Kerja I,040400
5100,Wilayah Kerja III,040400
5200,Wilayah Kerja III,040400
5300,Wilayah Kerja III,040400
5400,Wilayah Kerja III,040400
6100,Wilayah Kerja II,040400
6300,Wilayah Kerja II,040400
6400,Wilayah Kerja II,040400
7100,Wilayah Kerja I,040400
8300,Wilayah Kerja I,040400
8500,Wilayah Kerja II,040400
8600,Khusus TPS PT PSMA,040400
9000,TPS PT. BINA SINAR AMINITY,040400
9003,TPS PT. NYK PUNINAR,040400
9008,TPS PT. BALETAMA JAYA MANDIRI,040400
9009,TPS PT. JASA UTAMA CARGO,040400
9010,CV. Mitra Al'Amin,040400
CIS1,TPS CARDIG INTERNASIONAL SUPPORT,040400
EDCO,EDICO UTAMA,040400
G001,GROUP 1,040400
G002,GROUP2,040400
GAAP,Adhya Avia Prima,040400
KITE,BC24,040400
RH1,RH1,040400
GD01,TPS PT POS INDONESIA PASAR BARU,040600
GD02,TPS E-COMMERCE PT. POS INDONESIA PASAR BARU,040600
GL01,TPS POS BANDAR LAMPUNG,040600
GL02,TPS PT POS INDONESIA PASAR BARU,040600
2B11,PT Tunas Wiratama Perkasa,050100
AEI2,PT Avatar Express Indonesia,050100
APKE,ANGKASA PURA KARGO,050100
APKI,ANGKASA PURA KARGO,050100
APKP,PT Angkasa Pura Kargo,050100
APRI,TPS-PT. ANGKASA PURA II - IMPOR,050100
AVIA,PT AVIA TECHNICS DIRGANTARA,050100
BML1,PT BERDIRI MATAHARI LOGISTIK,050100
CAIA,PT. Cakra Artheswara Indonesia,050100
CAR1,PT CARDIG INTERNASIONAL SUPPORT,050100
CAS2,PT Chandra Adi Sentosa,050100
CENI,PT CARDIG EXPRESS NUSANTARA,050100
CIME,GUDANG CARDIG EXPORT,050100
CIMP,GUDANG CARDIG IMPOR,050100
CJGL,CJ-GLS,050100
CLI1,TPS-TNS CITRABATI LOGISTIK INTERNASIONAL,050100
CTA1,CTAA - PT COMMIT TRANS ANGKASA,050100
DBMI,PT Dharma Bandar Mandiri,050100
DS04,PT DSV TRANSPORT INDONESIA (DS04),050100
DS06,PT DSV TRANSPORT INDONESIA (DS06),050100
DWT1,PT DEWATAAGUNG WIBAWA,050100
DXKT,TPS-PT. DEXTER EUREKATAMA,050100
DXPJ,TPS - PT Dexter Eurekatama,050100
EPIA,PT. EKSPRES PARCEL INDONESIA,050100
FEDX,GUDANG FEDEX,050100
FM01,PT. FM GLOBAL LOGISTICS,050100
G001,GROUP JAS,050100
G002,GROUP TNS,050100
G003,GROUP BGD,050100
G004,DHL,050100
G005,FEDEX,050100
G006,TNT,050100
GAEK,GUDANG GARUDA EKSPOR,050100
GAJT,GARUDA INDONESIA PJT,050100
GAPE,PT GARUDA INDONESIA,050100
GAPI,PT GARUDA INDONESIA,050100
GATE,GHITA AVIA TRANS,050100
GATI,GHITA AVIA TRANS,050100
GBDL,PT. BANGUN DESA LOGISTINDO,050100
GBGD,GUDANG BANTEN GLOBAL DEVELOPMENT,050100
GBGF,GUDANG BANTEN GLOBAL DEVELOPMENT,050100
GBGT,GUDANG BANTEN GLOBAL DEVELOPMENT,050100
GCPL,GUDANG C & P LOGISTICS INDONES,050100
GDHL,GUDANG DHL,050100
GDJT,WAHANA DIRGANTARA INDONESIA,050100
GDWA,WAHANA DIRGANTARA INDONESIA,050100
GDWD,GUDANG WAHANA DIRGANTARA,050100
GDWE,WAHANA DIRGANTARA INDONESIA,050100
GDWI,GUDANG WAHANA DIRGANTARA IMPOR,050100
GDWT,GUDANG WAHANA TRANSHIPMENT,050100
GELK,GARUDA ENERGI LOGISTIK KOMERSIAL,050100
GGMF,GARUDA MAINTENANCE FACILITIES,050100
GGWI,GUDANG GEODIS WILSON INDONESIA,050100
GIBS,TPS-TNS INTI BANGUN SELARAS,050100
GIMP,GUDANG GARUDA IMPOR,050100
GJDC,TPS-TNS DHL PT. BIROTIKA SEMESTA,050100
GKNI,GAPURA KARGO NUSANTARA,050100
GLFC,TPS-TNS GLOBAL FREIGHT CONSOLIDATAMA,050100
GPPL,PANAH PERDANA LOGISINDO,050100
GPRA,GAPURA ANGKASA,050100
GUCT,TPS Unggul Cipta Trans,050100
GUEL,TPS PT. UNIVERSAL EKSPRES LOGISTINDO,050100
IBS2,INTI BANGUN SELARAS 2,050100
IGLB,TPS-TNS INTI GLOBAL LOGISTICS,050100
IMSI,IMS LOGISTICS INDONESIA,050100
IPRT,PT. PERIGI RAJA TERPADU,050100
JAES,Jas Aero Engineering Services,050100
JGE1,PT. JUSTINDO GLOBAL EKSPRES,050100
JGE2,PT Justindo Global Ekspres,050100
JRDN,TPS-TNS JARINGAN DINAMIKA,050100
JWI2,PT JAS Worldwide Indonesia,050100
KBPI,PT KARYA BAKTI PERSADA CARGO,050100
KENA,PT KARGO EXPRESS NUSANTARA,050100
LE01,TPS LINTAS EKSPRES N.C.,050100
LOGW,TPS-TNS GUDANG LOGWIN AIR & OCEAN INDONESIA,050100
LWPH,PT Logwin Air And Ocean Indonesia,050100
MATR,MITRA ATLANTIK TRANSINDO,050100
MGL2,PT. MAXIMOS GLOBAL LOGISTIK,050100
MSA1,PT MONANG SIANIPAR ABADI,050100
MSA4,PT. MONANG SIANIPAR ABADI,050100
MSA5,PT MONANG SIANIPAR ABADI,050100
MUE1,PT. MITRA UTAMA EXPRESS,050100
NFII,PT. KUEHNE NAGEL INDONESIA,050100
NRGL,PT NNR RPX GLOBAL LOGISTICS INDONESIA,050100
PFI1,TPS-PT.PRIME FREIGHT INDONESIA,050100
PGTI,PT PRIMA GLOBAL TRANS,050100
PNMI,TPS-TNS PUNINAR MSE INDONESIA,050100
POSE,GUDANG TPS POS EKSPOR,050100
POSI,GUDANG TPS POS IMPOR,050100
PUR1,PT PURANTARA MITRA ANGKASA DUA,050100
PX01,PT. PANTOS EXPRESS,050100
RRRR,AEROFOOD INDONESIA,050100
SGID,PT Scan Global Indonesia,050100
SII2,TPS-TNS PT. MILITZER AND MUENCH INDONESIA,050100
SKK2,PT SINERGI KARYA KHARISMA,050100
SLII,PT SINERGI LOGISTIK INDONESIA,050100
SPL2,TPS-TNS SPEEDMARK LOGISTIK INDONESIA,050100
SPLI,TPS-TNS SPEEDMARK LOGISTIK INDONESIA,050100
TA01,TPS-TNS NIPPON EXPRESS INDONES,050100
TA02,TPS-TNS SCHENKER PETROLOG U,050100
TA03,TPS-TNS UNIAIR INDOTAMA,050100
TA04,TPS-TNS DFDS,050100
TA05,TPS-TNS PANALPINA NUSAJAYA TRN,050100
TA08,TPS-TNS BAX GLOBAL LOGISTIK,050100
TA10,TPS-TNS K LINE AIR SERVICE INDONESIA,050100
TA11,TPS-TNS FAJAR INSAN NUSANTARA,050100
TA12,TPS-TNS TABITHA EXPRESS,050100
TA13,TPS-TNS TABHITA EXPRESS,050100
TA14,Tabitha Express,050100
TA15,TPS-TNS GREEN AIR PACIFIC,050100
TB01,TPS-TNS FRITZ LOGISTICS INDONE,050100
TB05,TPS-TNS DANZAS SARANA PERKASA,050100
TB06,TPS-TNS EXPEDITOR INDONESIA,050100
TB08,TPS-TNS UNGGUL CIPTA TRANS,050100
TB09,TPS-TNS MONANG SIANIPAR ABADI,050100
TB10,TPS-TNS RITRA CARGO INDONESIA,050100
TB11,TPS-TNS SKYPAK INT. (TNT),050100
TB12,TPS-TNS GEOLOGISTICS IND. P,050100
TB13,TPS-TNS KINTETSU WORLD EX. IND,050100
TB14,PT PELANGI SEMESTA,050100
TB15,TPS-TNS GUDANG CARDIG LOGISTICS INDONESIA,050100
TB21,PT SKYPAK INTERNATIONAL,050100
TE03,TPS-TNS PRIMA INTERNATIONAL C.,050100
TE08,TPS-TNS YUSEN AIR & SEA INDON,050100
TE11,TPS-TNS SDV LOGISTICS INDONESIA,050100
TJ10,TPS-TNS CERINDO TRANSPORT LOGISTIK,050100
TMNI,TPS-TNS MAKTRANS NUSA INDAH,050100
TPB1,GROUP TPB,050100
TPEI,TAS PUNINAR EXPRESS INDONESIA,050100
TRKI,PT. TRANS KARGO INTERNASIONAL,050100
TSLM,TPS-TNS SKY LIGHT MULTITRADA,050100
TUTI,TPS-UNION TRANS INTERNUSA,050100
TZ01,TPS-TNS ABX TABITHA LOGISTIK,050100
UELI,PT UNIVERSAL EKSPRES LOGISTINDO,050100
UNEX,GUDANG UNEX INTI INDONESIA,050100
VALI,TPS-TNS VINFLAIR LOGISTICS INDONESIA,050100
YIFI,PT. YAMATO INDONESIA FORWARDING,050100
BIG,BUSANA INDAH GLOBAL,050300
COSM,COSMO TECHNOLOGY,050300
CSR,CIPTA SAKA RAHARJA,050300
DAE,DAEHAN GLOBAL (SUKABUMI),050300
DMID,DELTA MATE INDONESIA,050300
ENERGIZER INDONESIA,ENERGIZER INDONESIA,050300
GDKITE,Gudang KITE,050300
GSI2,GLOSTAR INDONESIA II,050300
IDKITE,Gudang KITE,050300
IDKORDS,INDO KORDSA,050300
IDKORDSA,Gudang Eksportir,050300
JSJA,GUDANG JS JAKARTA,050300
KB,Kawasan Berikat,050300
MFARMA,MEDIFARMA LABORATORIES,050300
MRP,MULTI REZEKI PRATAMA,050300
NINA,NINA VENUS INDONUSA,050300
NPID,NITTOH PRESISI INDONESIA,050300
PICI,PANASONIC INDUSTRIAL COMPONENTS INDONESIA,050300
SMI,SEPATU MAS IDAMAN,050300
YAKJ,YAKJIN JAYA INDONESIA,050300
YJ,Yongjin Javasuka,050300
YJIN2,Yongjin Javasuka 2,050300
0200,GT. PETROCHEN,050400
4554,GT. PETROCHEN,050400
A001,KRAKATAU STEEL/ PELINDO II,050400
A003,MERAK MAS (PT. INDAH KIAT PULP & PAPER),050400
A004,PT. PELABUHAN TANJUNG PRIOK,050400
A006,PT. BUMI MERAK TERMINALINDO,050400
A007,PT. CABOT INDONESIA,050400
A010,PT. SULFINDO ADIUSAHA,050400
A011,PT. TOMINDOMAS BULK TANK TERMINAL,050400
A012,PT. UNGGUL INDAH CAHAYA,050400
A013,PT. REDECO PETROLIN UTAMA,050400
A015,PT. GUNANUSA,050400
A016,PT. DOVER CHEMICAL (DEPOT A),050400
A017,PT. DOVER CHEMICAL (DEPOT B),050400
A018,PT. VOPAK TERMINAL MERAK,050400
A019,POLYCHEM LINDO (KAWASAN I),050400
A020,POLYCHEM LINDO (KAWASAN II),050400
A023,PT. BARIA BULK TERMINAL,050400
A024,PT. STYRINDO MONO INDONESIA,050400
A026,PT. ASPHALT BANGUN SARANA,050400
A027,PT. GAJAH TUNGGAL,050400
A028,PT. LOTTE CHEMICAL TITAN NUSANTARA,050400
A030,PT. CEMINDO GEMILANG,050400
A031,"PT. POLYCHEM INDONESIA, TBK",050400
A032,PT. Chandra Pelabuhan Nusantara,050400
A034,PT. MITSUBISHI CHEMICAL INDONESIA,050400
A035,PT. CASTROL MANUFACTURING INDONESIA,050400
A036,PT. AKR CORPORINDO TBK,050400
A037,ASAHIMAS CHEMICAL (1),050400
A038,PT. STANDARD TOYO POLYMER,050400
A039,PT. CERESTAR FLOUR MILLS,050400
A040,PT. TARUNA BINA SARANA,050400
A041,PT. SENTRAL GRAIN TERMINAL,050400
A042,ASAHIMAS CHEMICAL (2),050400
B027,PT. SAMUDRA MARINE INDONESIA,050400
B029,PT. GUNANUSA UTAMA FABRICATORS,050400
BSFI,PT. BASF INDONESIA,050400
C007,PT. BMS / ANGEL PRODUCTS,050400
C012,PT. SENTRA USAHATAMA JAYA,050400
C013,PT. JAWAMANIS RAFINASI,050400
C018,PT. PERMATA DUNIA SUKSES UTAMA,050400
C023,PT. CITRA BARU STEEL,050400
C024,PT. PUNDI KENCANA,050400
C025,PT. OILTANKING MERAK,050400
C027,Gudang PT. Berkah Manis Makmur,050400
C029,PT. DUTA SUGAR INTERNATIONAL,050400
C043,PT. EXAMPLE,050400
CPN1,TPS PT. CHANDRA PELABUHAN NUSANTARA,050400
CPN3,PLB PT. CHANDRA PELABUHAN NUSANTARA,050400
CW02,PLB PT CWT COMMODITY LOGISTICS,050400
G001,GROUP 001,050400
G022,PT. JAWAMANIS RAFINASI,050400
IRP,PT. INDORAMA PETRO CHEMICAL,050400
LCID,PT LOTTE CHEMICAL INDONESIA,050400
PTM2,PERTAMINA TANJUNG SEKONG,050400
PTMN,PERTAMINA GEREM,050400
RED1,PLB PT REDECO,050400
2504,TES-IKC,050600
CEK,cek,050600
AP2,PT.ANGKASA PURA II (Persero),050700
BLGN,BALONGAN,050700
BMU,Tanki PT. Bhakti Mingasutama,050700
CEP,Jetty Terminal Khusus PT. Cirebon Energy Prasarana,050700
CRB,CIREBON,050700
DOCK,PT. DOCK BAHARI NUSANTARA CIREBON,050700
GNGC,GUDANG PT. NIAGA GARAM CEMERLANG KANCI,050700
GUDANG,GUDANG,050700
JAS,PT. JASA ANGKASA SEMESTA,050700
JAT1,LAP. PENIMBUNAN MUARA JATI I,050700
JIM,PT JIMMULYA,050700
KI21,TANKI D.2101A DAN D.2101B,050700
KPCN,KANTOR POS CIREBON,050700
KPI,PT. KILANG PERTAMINA INTERNASIONAL,050700
PDL,PABRIK PT. KURNIA ARTHA PRATIWI,050700
PLT2,Lap Penimbunan PLTU2 Kanci,050700
T.92,TANGKI TIMBUN PERTAMAX,050700
T01,TANGKI 1 PT. PAKARTI,050700
T2-3,TANKI 2 DAN 3 PT PAKARTI,050700
TANG,42T101A/B/C/D/E/F/G & 42T102A/B,050700
TANK,"T.210, 211, 212, 213, 214, 215, 216 & 217",050700
TJT,TANKI PT JAYA TRADE,050700
TNSM,TANKI 1 PT. NUSA SARANA MANDIRI,050700
TPA,TANKI PAKARTI,050700
TPB,KAWASAN BERIKAT/GUDANG BERIKAT,050700
TR92,TANKI TIMBUN PERTAMAX,050700
TR95,TANKI TIMBUN PERTAMAX PLUS,050700
TT2.3,PT Bahtera Multi Terminal,050700
MBPI,Multi Bina Pura International,050800
PT01,GUDANG PATIMBAN,050800
PTB01,GUDANG PATIMBAN,050800
TLKP1,TIMBUN LUAR KAWASAN PABEAN,050800
ABBP,GUDANG TPB ABEBERSA PRATAMA,050900
ACAI,GUDANG TPB AICA INDONESIA,050900
AIAS,GUDANG TPB ASTEMO INDONESIA AUTOMOTIVE SYSTEM,050900
AKPB,GUDANG TPB AKS PRECISION BALL INDONESIA,050900
AMNS,GUDANG TPB AM / NS INDONESIA,050900
APBI,GUDANG TPB AKS PRECISION BALL INDONESIA,050900
ARII,GUDANG TPB ARMSTRONG INDUSTRI INDONESIA,050900
ARMJ,GUDANG TPB ARAMI JAYA,050900
ASI1,GUDANG PLB AUTOCOMP,050900
ASTM,GUDANG TPB ASTOM INDONESIA,050900
BAEI,GUDANG TPB BANDO ELECTRONICS INDONESIA,050900
BBJI,GUDANG TPB BOBAEK JAYA INDONESIA,050900
BDTI,GUDANG TPB BRIDGESTONE TIRE INDONESIA,050900
BLTS,GUDANG TPB BIOLINA TRIO SINTESA,050900
BMTI,GUDANG TPB BMA TECHNOLOGIES INDONESIA,050900
BOMI,GUDANG TPB BO MYUNG INDONESIA,050900
BRDN,GUDANG TPB BRIDON,050900
BWVA,GUDANG TPB BUWON VINA INDONESIA,050900
BWVI,GUDANG TPB BUWON VINA INDONESIA,050900
BYIN,GUDANG TPB BAYER INDONESIA (Gudang Bongkar dan Penimbunan 6),050900
BYRI,GUDANG TPB BAYER INDONESIA (Gudang Bongkar dan Penimbunan 5),050900
CDP1,Gudang Penimbunan CDP Satu,050900
CFTI,GUDANG TPB CFU TECHNOLOGY INDONESIA,050900
CHBU,GUDANG TPB CHUGAI BUSSAN INDONESIA,050900
CHE1,GUDANG KB INDONESIA CHEMI-CON,050900
CHE2,GUDANG GB INDONESIA CHEMI-CON,050900
CHUB,GUDANG TPB CHUBB SAFES INDONESIA,050900
CKDO,GUDANG TPB CKD OTTO PHARMACEUTICALS,050900
CKIN,GUDANG TPB CK INTERNATIONAL,050900
CPHJ,GUDANG TPB CIPTA HARMONI JAYA,050900
CSPI,GUDANG TPB CHANG SUNG PRECISION INDONESIA,050900
CTWI,GUDANG TPB CHENGTIAN WEIYE INDONESIA,050900
DAII,GUDANG TPB DAITO INTERNATIONAL INDONESIA,050900
DCAI,GUDANG TPB DOOCHEON AUTOMOTIVE INDONESIA,050900
DHLL,GUDANG TPB DAEHWA LEATHER LESTARI,050900
DHOI,GUDANG TPB DAIHO INDONESIA,050900
DIIN,GUDANG TPB DONG-IL INDONESIA,050900
DKGY,GUDANG TPB DAIDO KOGYO INDONESIA,050900
DKWI,GUDANG TPB DENKO WAHANA INDUSTRIES,050900
DNEI,GUDANG TPB DAEWON ECO INDONESIA,050900
DNPG,GUDANG TPB DEIN PRIMA GENERATOR,050900
DPTI,GUDANG TPB DETPAK INDONESIA,050900
EDMI,GUDANG TPB EDMI MANUFACTURING INDONESIA,050900
EKII,GUDANG TPB EKASURYA INOUT INDONESIA,050900
ELIN,GUDANG TPB ELEMATEC INDONESIA,050900
EMSI,GUDANG TPB EMSONIC INDONESIA,050900
EPMI,GUDANG TPB EPITERMA MAS INDONESIA (BLOK C1/15),050900
EPTI,GUDANG TPB EPITERMA MAS INDONESIA (BLOK F.19.6-F.19.8),050900
ETCI,GUDANG TPB ECO TECH INDONESIA,050900
ETMI,GUDANG TPB EPITERMA MAS INDONESIA (BLOK C5/12),050900
EVSM,GUDANG TPB EVONIK SUMIASIH,050900
FID6,GUDANG TPB FRAMAS INDONESIA (DELTA SILICON 6),050900
FIDS,GUDANG TPB FRAMAS INDONESIA (DELTA SILICON),050900
FKKI,GUDANG TPB FUKUSUKE KOGYO INDONESIA,050900
FMSI,GUDANG TPB FRAMAS INDONESIA (MM2100),050900
FRFI,GUDANG TPB FRISIAN FLAG INDONESIA,050900
FUFI,GUDANG TPB FUJI FINE INDONESIA,050900
FXCS,GUDANG TPB FLEXI COMPONENTS,050900
GANA,GUDANG TPB GANANUSA ERAMANDIRI,050900
GDKB,GUDANG PERUSAHAAN GB,050900
GDKT,Gudang Perusahaan KITE,050900
GKEI,GUDANG TPB GSK ELECTRONICS INDONESIA,050900
GLCI,GUDANG TPB GLOBAL CHEM INTERNATIONAL,050900
GLOP,GUDANG TPB GLOPAC,050900
GLPI,GUDANG TPB GLOPAC INDONESIA,050900
GLSI,GUDANG TPB GLOBAL SHINSEI INDONESIA,050900
GMPI,GUDANG TPB GRAND MAJOR PACKAGING INDONESIA,050900
GNMA,GUDANG TPB GENMA INDONESIA,050900
GS1,PLB GSK Elektronics Indonesia,050900
GYOP,GUDANG TPB GLORY OFFSET PRESS,050900
GYSL,KEP-215.1/WBC.08/2025,050900
GZIN,GUDANG TPB GUNZE INDONESIA,050900
HAEA,GUDANG TPB HAIER ELECTRICAL APPLIANCES INDONESIA,050900
HBDI,GUDANG TPB HAB DONG INDO,050900
HGYI,GUDANG TPB HOGY INDONESIA,050900
HHLI,GUDANG TPB HANKYU HANSHIN LOGISTICS INDONESIA,050900
HIRO,GUDANG TPB HIROSE ELECTRIC INDONESIA,050900
HJCI,GUDANG TPB HYONJIN CHEMICAL INDONESIA,050900
HJEI,GUDANG TPB HIJAU ELEKTRONIKA INDONESIA,050900
HKEI,GUDANG TPB HANKWANG ELECTRONICS INDONESIA,050900
HKTI,GUDANG TPB HANKOOK TIRE INDONESIA,050900
HP07,POS_HPC_07,050900
HP50,HPC 50,050900
HRSI,GUDANG TPB HRS INDONESIA,050900
HSEI,GUDANG TPB HAN SUNG ELECTRONICS INDONESIA,050900
HSEJ,GUDANG TPB HEESUNG ELECTRONICS JAKARTA,050900
HSIN,GUDANG TPB HAO SHENG INTERNATIONAL,050900
HSRI,GUDANG TPB HAENG SUNG RAYA INDONESIA,050900
HUAI,GUDANG TPB HUNG-A INDONESIA,050900
HWTI,GUDANG TPB HWAIN TECH INDONESIA,050900
HYSI,GUDANG TPB HAYASHI SEIRA INDONESIA,050900
IBCI,GUDANG TPB INABATA CREATION INDONESIA,050900
IEPI,GUDANG TPB INDONESIA EPSON INDUSTRY (PLB),050900
IEPS,GUDANG TPB INDONESIA EPSON INDUSTRY,050900
IKPI,GUDANG TPB INKO PRIMA IDAMAN APPAREL,050900
INAB,GUDANG TPB INABATA INDONESIA (MM2100),050900
INTS,GUDANG TPB ILJIN NEW TECHNOLOGY STEEL,050900
ITRC,GUDANG TPB INDONESIA TRC INDUSTRY,050900
ITRI,GUDANG TPB INDONESIA TRC INDUSTRY (PLOT 8C/C),050900
JDJL,GUDANG TPB JOAH DAN JOAH LOGISTIK,050900
JETI,GUDANG TPB J EKSTRIM TECH INDONESIA,050900
JHEI,GUDANG TPB JINHEUNG ELECTRIC INDONESIA,050900
JHNI,GUDANG TPB JUAHN INDONESIA,050900
JJL1,GUDANG TPB JOAH & JOAH LOGISTIK 1,050900
JJL2,GUDANG TPB JOAH & JOAH LOGISTIK 2,050900
JSTI,GUDANG TPB JST INDONESIA,050900
JTPN,GUDANG TPB JATI PERKASA NUSANTARA,050900
JWVI,GUDANG TPB JIWON VENIX INDONESIA (JALAN KENARI),050900
JYMT,GUDANG TPB JAYA METAL TEKNIKA,050900
JYNB,GUDANG TPB JAYA NURIMBA,050900
KAEI,GUDANG TPB KAGA ELECTRONICS INDONESIA,050900
KAIN,GUDANG TPB KASAN INDONESIA,050900
KANI,GUDANG TPB KAWAI NIP,050900
KDSI,GUDANG TPB KDS INDONESIA,050900
KEIM,GUDANG TPB KEMAS INDAH MAJU,050900
KKIN,GUDANG TPB KIYOKUNI INDONESIA (PLOT 8M),050900
KMDI,GUDANG TPB KOMODA INDONESIA,050900
KMSP,GUDANG TPB KIMIA FARMA SUNGWUN PHARMACOPIA,050900
KMSR,GUDANG TPB KARISMA SEMESTA RAYA,050900
KNTI,GUDANG TPB KNT INDONESIA,050900
KNTY,GUDANG TPB KONES TAEYA INDUSTRY,050900
KOJI,GUDANG TPB KOJIN INDONESIA,050900
KPKI,GUDANG TPB KAMPUNG KEARIFAN INDONESIA,050900
KPMI,GUDANG TPB KYUNGHEE PACKING MATERIAL INDONESIA,050900
KRHI,GUDANG TPB KOREA HIGHTECH INDONESIA,050900
KTIN,GUDANG TPB KATOLEC INDONESIA,050900
KTRI,GUDANG TPB KOTERA INDONESIA,050900
KURO,GUDANG TPB KURODA ELECTRIC INDONESIA,050900
KYHI,GUDANG TPB KYOSHA INDONESIA,050900
KYJI,GUDANG TPB KOYORAD JAYA INDONESIA,050900
KYPR,GUDANG TPB KAYU PERMATA,050900
KYSI,GUDANG TPB KYOSHA INDONESIA,050900
LGBL,GUDANG TPB LBL GLOBAL LINKS,050900
LGEI,GUDANG TPB LG ELECTRONICS INDONESIA,050900
LGII,GUDANG TPB LG INNOTEK INDONESIA,050900
LGTI,GUDANG TPB LOGISTEED INDONESIA,050900
LKCI,GUDANG TPB LKG CELLTECH INDONESIA,050900
LTNL,GUDANG TPB LAUTAN LUAS,050900
LXPJ,GUDANG TPB LX PANTOS JAKARTA,050900
MAAI,GUDANG TPB MARSOL ABADI INDONESIA,050900
MAYO,GUDANG TPB MAYORA INDAH TBK,050900
MCMF,GUDANG TPB MMC METAL FABRICATION,050900
MECO,GUDANG TPB MECOINDO,050900
MGJY,GUDANG TPB MANGUL JAYA,050900
MLTB,GUDANG TPB MULTISARANA BAHTERAMANDIRI,050900
MMCM,GUDANG TPB MITRA MULTIPLAS CITRA MANDIRI,050900
MREI,GUDANG TPB MIRAE INDONESIA,050900
MSSI,GUDANG TPB MESIN ISUZU INDONESIA,050900
MTSI,GUDANG TPB MITSUI INDONESIA,050900
MUEL,GUDANG TPB MURAMOTO ELEKTRONIKA INDONESIA,050900
MYMI,GUDANG TPB MYOUNG MOON INDONESIA,050900
MZMI,GUDANG TPB MONDELEZ INDONESIA MANUFACTURING,050900
NAI1,GUDANG TPB NARUMI INDONESIA 1,050900
NAI2,GUDANG TPB NARUMI INDONESIA 2,050900
NBLI,GUDANG TPB NABELIN INDONESIA,050900
NBMI,GUDANG TPB NSK BEARINGS MANUFACTURING INDONESIA,050900
NCHI,GUDANG TPB NACHI INDONESIA,050900
NCIB,GUDANG TPB NIDEC INSTRUMENTS BEKASI,050900
NDII,GUDANG TPB NIDEC INSTRUMENTS INDONESIA,050900
NEPI,GUDANG TPB NEO PLATECH INDONESIA,050900
NGIE,GUDANG TPB NAGASE IMPOR EKSPOR INDONESIA,050900
NGKC,GUDANG TPB NGK-CERAMICS INDONESIA,050900
NHPI,GUDANG TPB NIHON PLAST INDONESIA,050900
NHSI,GUDANG TPB NIHON SEIKI INDONESIA,050900
NIPP,GUDANG TPB NIPPISUN INDONESIA,050900
NKIN,GUDANG TPB NESINAK INDUSTRIES,050900
NMCI,GUDANG TPB NOF MAS CHEMICAL INDUSTRIES,050900
NOMI,GUDANG TPB NITTO MATERIALS INDONESIA,050900
NSKB,GUDANG TPB NSK BEARINGS MANUFACTURING INDONESIA,050900
NSKI,GUDANG TPB NSK INDONESIA,050900
NTMI,GUDANG TPB NITTO MATERIALS INDONESIA,050900
NXIL,GUDANG TPB NX LEMO INDONESIA LOGISTIK,050900
OGSI,GUDANG TPB OG ASIA INDONESIA,050900
OMM2,GUDANG GB OMRON MANUFACTURING OF INDONESIA,050900
OMMI,GUDANG TPB OMRON MANUFACTURING OF INDONESIA,050900
OMTT,GUDANG TPB OMEGA TAIYO TEKNOLOGI,050900
OREI,GUDANG TPB ORIENTAL ELECTRONICS INDONESIA,050900
OSEI,GUDANG TPB OH SUNG ELECTRONIC INDONESIA,050900
OSGT,GUDANG TPB OSUNG GARMENT,050900
OTIC,GUDANG KITE OTICS INDONESIA,050900
P01,POS_HPC_01,050900
P011,POS_HPC_11,050900
P02,POS_HPC_02,050900
P03,POS_HPC_03,050900
P04,POS_HPC_04,050900
P05,POS_HPC_05,050900
P06,POS_HPC_06,050900
P07,POS_HPC_07,050900
P08,POS_HPC_08,050900
P09,POS_HPC_09,050900
P10,POS_HPC_10,050900
P12,POS_HPC_12,050900
P13,POS_HPC_13,050900
P14,POS_HPC_14,050900
P15,POS_HPC_15,050900
P16,POS_HPC_16,050900
P17,POS_HPC_17,050900
P18,POS_HPC_18,050900
P19,POS_HPC_19,050900
P20,POS_HPC_20,050900
P21,POS_HPC_21,050900
P22,POS_HPC_22,050900
P23,POS_HPC_23,050900
P24,POS_HPC_24,050900
P25,POS_HPC_25,050900
P26,POS_HPC_26,050900
P27,POS_HPC_27,050900
P28,POS_HPC_28,050900
P29,POS_HPC_29,050900
P30,POS_HPC_30,050900
P31,POS_HPC_31,050900
P32,POS_HPC_32,050900
P33,POS_HPC_33,050900
P34,POS_HPC_34,050900
P35,POS_HPC_35,050900
P36,POS_HPC_36,050900
P37,POS_HPC_37,050900
P38,POS_HPC_38,050900
P39,POS_HPC_39,050900
P40,POS_HPC_40,050900
P41,POS_HPC_41,050900
P42,POS_HPC_42,050900
P43,POS_HPC_43,050900
P44,POS_HPC_44,050900
P45,POS_HPC_45,050900
P46,POS_HPC_46,050900
P47,POS_HPC_47,050900
P48,POS_HPC_48,050900
P49,POS_HPC_49,050900
P50,POS_HPC_50,050900
P51,POS_HPC_51,050900
P52,POS_HPC_52,050900
P53,POS_HPC_53,050900
P54,POS_HPC_54,050900
P55,POS_HPC_55,050900
P56,POS_HPC_56,050900
P57,POS_HPC_57,050900
P58,POS_HPC_58,050900
P59,POS_HPC_59,050900
PAET,GUDANG TPB PATCO ELEKTRONIK TEKNOLOGI,050900
PCCI,GUDANG TPB PAPANDAYAN COCOA INDUSTRIES,050900
PCKL,GUDANG TPB PANCA KUSUMA LOGISTICS,050900
PCKR,GUDANG TPB PANCA KUSUMA RAYA,050900
PDSI,GUDANG TPB PADMA SOODE INDONESIA,050900
PGEI,GUDANG TPB PANASONIC GOBEL ENERGY INDONESIA,050900
PGLS,GUDANG TPB PANASONIC GOBEL LIFE SOLUTIONS INDONESIA,050900
PGPI,GUDANG TPB PARAGON PLASTIK INDONESIA,050900
PHBN,GUDANG TPB PAHALA BAHARI NUSANTARA,050900
PHCI,GUDANG TPB PHC INDONESIA,050900
PICI,GUDANG TPB PANASONIC INDUSTRIAL COMPONENTS INDONESIA,050900
PKIO,GUDANG TPB PUNGKOOK INDONESIA ONE,050900
PLAM,GUDANG TPB PLASINDO MAS,050900
PPCI,GUDANG TPB Papandayan Cocoa Industries,050900
PPMI,GUDANG TPB PHILIP MORRIS INDONESIA,050900
PPSE,GUDANG TPB PAMPAS ELECTRIC,050900
PRC1,GUDANG TPB PRISCOLIN,050900
PSAJ,GUDANG TPB PERDANA SETIA ABADI JAYA,050900
PTET,GUDANG TPB PATCO ELEKTRONIK TEKNOLOGI,050900
PTPI,GUDANG TPB PETINDO PLASTIKATAMA INDONESIA,050900
RABI,GUDANG TPB RAYOVAC BATTERY INDONESIA,050900
RABT,GUDANG TPB RUBBER AND RUBBER TECH (JL PINANG),050900
RART,GUDANG TPB RUBBER AND RUBBER TECH (JL INTI),050900
RYFI,GUDANG TPB ROYAL FOODS INDONESIA,050900
SAKI,GUDANG TPB SAKAI INDONESIA,050900
SAM1,GUDANG TPB PT SAMINDO BLOK C,050900
SAM8,GUDANG TPB SAMINDO ELECTRONICS (BLOK C-8),050900
SATI,GUDANG TPB SANYO TRADING INDONESIA (HANKYU),050900
SBCT,GUDANG TPB SABENA CIPTA,050900
SBPI,GUDANG TPB SBP INDONESIA,050900
SCTC,GUDANG TPB SPACE TECHNOLOGY,050900
SDPM,GUDANG TPB SEOILINDO PRIMATAMA,050900
SEWI,GUDANG TPB SUMITOMO ELECTRIC WINTEC INDONESIA,050900
SFCK,GUDANG TPB SAMBU FINE CHEMICAL KOIN,050900
SGLI,GUDANG TPB SUMISHO GLOBAL LOGISTICS INDONESIA,050900
SGPI,GUDANG TPB SEONG POONG INDONESIA,050900
SHCL,GUDANG TPB SHIRAISHI CALCIUM INDONESIA,050900
SHKI,GUDANG TPB SOHOU KIKAKU INDONESIA,050900
SIIT,GUDANG TPB SANKYO INDONESIA INTERNATIONAL TRADING,050900
SIKI,GUDANG TPB S-IK INDONESIA,050900
SJBI,GUDANG TPB SAMJIN BROTHREAD INDONESIA,050900
SJEI,GUDANG TPB SEONGJIN ENGINEERING INDONESIA,050900
SJRI,GUDANG TPB SEONGJIN ENGINEERING INDONESIA (Kav. DJ No.2),050900
SKIM,GUDANG TPB SUZUKI INDOMOBIL MOTOR,050900
SKPI,GUDANG TPB SEKISUI POLYMATECH INDONESIA,050900
SKYI,GUDANG TPB SKYWORTH INDUSTRY INDONESIA,050900
SLEI,GUDANG TPB SLIONTEC EKADHARMA INDONESIA,050900
SMAS,GUDANG TPB SUMI ASIH,050900
SMCI,GUDANG TPB SUMCO INDONESIA,050900
SMIH,GUDANG TPB SOLUM INDONESIA HIGHTECH,050900
SMJN,GUDANG TPB SAMJIN,050900
SMRO,GUDANG TPB SERVEONE MRO INDONESIA,050900
SMTI,GUDANG TPB SMT INDONESIA,050900
SNSJ,GUDANG TPB SANSAN SAUDARATEX JAYA,050900
SNTC,GUDANG TPB SUNWA TECHNOS INDONESIA,050900
SNU1,GUDANG TPB SN UNGGUL,050900
SNUN,GUDANG TPB SN UNGGUL,050900
SO02,Gudang PDPLB PT Sanyo Trading Indonesia (Di PLB PT Hankyu Hanshin Logistics),050900
SPCE,GUDANG TPB SPACE INDONESIA,050900
SPIN,GUDANG TPB SANSYU PRECISION INDONESIA,050900
SRBT,GUDANG TPB SUNRISE BUMI TEXTILES,050900
SRTI,GUDANG TPB SURYA TECHNOLOGY INDUSTRI,050900
SSTI,GUDANG TPB SUNSHINE TECHNICA INDONESIA,050900
SSYK,GUDANG TPB SINAR SYNO KIMIA,050900
STCI,GUDANG TPB STRANGE TECH CIKARANG INDONESIA,050900
STDI,GUDANG TPB STANDARD INDONESIA INDUSTRY (EJIP),050900
STEI,GUDANG TPB STANDARD ENERGY INDONESIA,050900
STKI,GUDANG TPB STAR KOREA INDUSTRY,050900
SUMA,GUDANG TPB SUDO MANUFACTURING INDONESIA,050900
SUTO,GUDANG TPB SUMITOMO INDONESIA,050900
SUTR,GUDANG TPB SUMITRONICS INDONESIA,050900
SWEI,GUDANG TPB SANWA ENGINEERING INDONESIA,050900
SYCI,GUDANG TPB SYNTRONIC INDONESIA,050900
SYIN,GUDANG TPB SANKYO INDONESIA,050900
SZIM,GUDANG TPB SUZUKI INDOMOBIL MOTOR,050900
TAEH,GUDANG TPB TAE HANG INDONESIA,050900
TCHI,GUDANG TPB TECHNO INDONESIA (DELTA SILICON),050900
THI,GUDANG TPB TAE HANG,050900
TKEI,GUDANG TPB TOKAI ELECTRONICS INDONESIA,050900
TKNI,GUDANG TPB TOKOKOSEN INDONESIA,050900
TKSE,GUDANG TPB TAKAI SEIKI INDONESIA,050900
TKTM,GUDANG TPB TAKITA,050900
TKZI,GUDANG TPB TOKYO ZAIRYO INDONESIA,050900
TMCI,GUDANG TPB TENMA CIKARANG INDONESIA,050900
TORI,GUDANG TPB TOP RUN INDONESIA,050900
TRCK,GUDANG TPB TARA CITRA KUSUMA,050900
TSBI,GUDANG TPB TOKYO SEIMITSU BUHIN INDONESIA,050900
TSEC,GUDANG TPB TOTAL SOLUTION ELECTRONIC COMPONENT,050900
TSII,GUDANG TPB TOSO INDUSTRY INDONESIA,050900
TTLC,GUDANG TPB TOYOTA TSUSHO LOGISTIC CENTER,050900
TTMI,GUDANG TPB TAKITA MANUFACTURING INDONESIA,050900
TTNE,GUDANG TPB TOYOTA TSUSHO NEXTY ELECTRONICS INDONESIA,050900
TTSI,GUDANG TPB TOYOTA TSUSHO INDONESIA,050900
TYMI,GUDANG TPB TOYOPLAS MANUFACTURING INDONESIA,050900
TYSI,GUDANG TPB TOYO SEAL INDONESIA,050900
UMTO,GUDANG TPB UMETOKU INDONESIA,050900
UNIT,GUDANG TPB UNILEVER INDONESIA TBK,050900
VNDS,GUDANG TPB VANDASHIMA INDONESIA,050900
VNEA,GUDANG TPB VISION EASE ASIA,050900
VNRS,GUDANG TPB VAN REES INDONESIA,050900
VSTI,GUDANG TPB VS TECHNOLOGY INDONESIA,050900
WEEI,GUDANG TPB WELLBEST ELECTRONIC INDUSTRI,050900
WHGI,GUDANG TPB WAH HONG INDONESIA,050900
WOIN,GUDANG TPB WOO IN,050900
WRDM,GUDANG TPB WORLD METAL,050900
YACI,GUDANG TPB YASUNLI CITRA INDONESIA,050900
YAU1,GUDANG TPB YASUNLI ABADI UTAMA PLASTIK (PLAN 1),050900
YAU2,GUDANG TPB YASUNLI ABADI UTAMA PLASTIK (PLAN 2),050900
YAU3,GUDANG TPB YASUNLI ABADI UTAMA PLASTIK (PLAN 3),050900
YJIN,GUDANG TPB YAN JIN INDONESIA,050900
YKKZ,GUDANG TPB YKK ZIPCO INDONESIA,050900
YKZI,GUDANG TPB YKK ZIPCO INDONESIA,050900
YLSI,GUDANG TPB YUSEN LOGISTICS SOLUTIONS INDONESIA,050900
YMDI,GUDANG TPB YAMADA INDONESIA,050900
YMKI,GUDANG TPB YOUM KWANG INDONESIA,050900
YMMA,GUDANG TPB YAMAHA MUSIC MANUFACTURING ASIA,050900
YMPI,GUDANG TPB YAMAHA MUSICAL PRODUCTS ASIA,050900
YNTI,GUDANG TPB YESUN TECH INDONESIA,050900
YTLP,GUDANG TPB YUTU LEPORTS JAYA,050900
ZEPI,GUDANG TPB ZEPHYR INDONESIA,050900
ZIEG,GUDANG TPB ZIEGLER INDONESIA,050900
-,-,051000
3D,GUDANG INDO SULTAN JAYA,051000
AR02,Gudang PLB PT Agung Raya,051000
AZI,GUDANG ASTRAZENECA INDONESIA,051000
BC24,GUDANG KITE,051000
CD01,GUDANG GTC01,051000
CD02,GUDANG GTC02,051000
CDP1,Gudang CDP,051000
GTC1,Gudang Gerbang Teknologi 1,051000
ISJ,INDO SULTAN JAYA,051000
PLB,GTC,051000
SH01,PDPLB PT Seo Heung Indoraya,051000
BBLK,PT BERKAH BERKAWAN LOGISTIK,060100
CFS,GUDANG CARGO,060100
DAMA,Gudang Della Arka Mandiri,060100
G001,GROUP 1,060100
G002,GROUP 2,060100
G004,GROUP 4,060100
G005,GROUP 5,060100
G006,GROUP 6,060100
G007,GROUP 7,060100
G008,GROUP 8,060100
GANI,GUDANG A. YANI,060100
GATA,PT. ANUGRAH TANGGUH ABADI,060100
GDHL,GUDANG BIROTIKA SEMESTA,060100
GIJS,GUDANG INDRA JAYA SWASTIKA,060100
GMAJ,GUDANG MERCUSUAR ABADI JAYA,060100
GMTN,GUDANG TRANSMARINE ANUGRAH EXPRESSINDO,060100
GPEL,GUDANG LINI 2 PELINDO III,060100
GSM,Gudang Samudera,060100
GSM2,Gudang Samudera 2,060100
GSMD,Gudang Samudera 2,060100
JKSL,GUDANG JKS LOGISTIK,060100
MAJL,GUDANG MAJ LOGISTIK INDONESIA,060100
SUMA,PT SUNJAYA MENTARI ABADI,060100
TBLO,PT TRANS BENUA LOGISTIK,060100
UTPK,UNIT TERMINAL PETI KEMAS,060100
GI,Gudang Importir,060400
GTAN,AREA TANJUNG INTAN,060400
GUPE,GUDANG PERTAMINA,060400
LPI,Lapangan Penimbunan Importir,060400
PA60,Terminal Area 60 Pertamina,060400
PA70,Terminal Area 70 Pertamina,060400
TI01,Gudang Tanjung Intan,060400
TTL,Terminal Fuel Lomanis,060400
002,EKSPORTIR,060600
AAL,PT Anugerah Alfa Lestari,060600
AMB,PT Andalan Mandiri Busana,060600
BAP,PT Bintang Abadi Persada,060600
BC24,KITE,060600
BML,PT BANGUN MAJU LESTARI,060600
BSGI,PT BENGAWAN SOLO GARMENT INDONESIA,060600
BSL,PT Buana Samudra Lestari,060600
CMI,PT Citra Mas Intimates,060600
CWI,Combine Will Industrial Indonesia,060600
CWII,PT Combine Will Industrial Indonesia,060600
DGI,PT DIAMONDFIT GARMENT INDONESIA,060600
DLS,PT Dan Liris,060600
DSK,PT DEWI SAMUDRA KUSUMA,060600
ESGI,PT Eco Smart Garment Indonesia,060600
G001,GROUP 001,060600
GI,PT GLOBALINDO INTIMATES,060600
GLS,PT GLORY INDUSTRIAL SEMARANG SRAGEN,060600
GMPI,PT Gemopia Indonesia,060600
GPIS,PT POS INDONESIA (PERSERO) KANTOR POS SOLO,060600
HIK,PT Hansol Indo Klaten,060600
HJG,PT Howard Jeon Glove Indonesia,060600
HTJ,PT HAN TOP JAYA,060600
IGPK,PT IGP Internasional,060600
IWI,PT Inspire Way Indonesia,060600
JAG,PT Jaya Asri Garmindo,060600
JJ,PT JJ Gloves Indo,060600
JJG,PT JJ GLOVES INDONESIA,060600
JSC,PT JS Corp Indonesia,060600
KABER,KAWASAN BERIKAT,060600
KITE,GUDANG KITE SURAKARTA,060600
KNN,PT Kanaan Global Indonesia,060600
MA,PT Manunggal Adipura,060600
MON,PT MONDRIAN,060600
NESIA PAN,PT Nesia Pan Pacific Clothing,060600
PBB,PT Pan Brothers Tbk Boyolali,060600
PBS,PT Pan Brothers Sragen,060600
polyhaus,PT POLYTECH HAUSEN,060600
PRV,PT PAN RAMA VISTA GARMENT INDUSTRIES,060600
PSM,PT Pamor Spinning Mills,060600
PUR1,TPS PT. ANGKASA PURA I,060600
PUR2,TPS PT. ANGKASA PURA II,060600
RJG,RINA JAYA GARMENT,060600
SKG,PT Solo Kawistara Garmindo,060600
SKJB,PT Samkyung Jaya Busana,060600
SKM,PT Sinar Klaten Makmur,060600
SOLO,SOLO MURNI,060600
SSI,PT Seshin Sragen Indonesia,060600
SWA,PT Sari Warna Asli Textile Industry,060600
TAI,PT TUPAI ADYAMAS INDONESIA,060600
THGI,PT TUNG HONG GARMENT INDONESIA,060600
TXR,PT TEXTILE REPUBLIC,060600
YJS,PT Young Jin Sport Indonesia,060600
YJSI,Gudang Young Jin Sport Indonesia,060600
YTI,PT Young Tree Industries,060600
0001,PT. Angkasa Pura I,060700
AYIA,PT. ANGKASA PURA LOGISTIK YIA,060700
MPCY,KANTOR POS LALU BEA YOGYAKARTA,060700
KEK001,GUDANG KEK Kendal,060800
KEK01,GUDANG KEK KENDAL,060800
KT01,GUDANG MULTAY,060800
KT02,GUDANG MERCINDO GLOBAL MANUFAKTUR,060800
KT03,GUDANG RODEO PRIMA JAYA,060800
KT04,GUDANG PANTJATUNGGAL KNITTING MILL,060800
KT05,GUDANG EVERGREEN INDOGARMENT,060800
KT06,GUDANG GEMAH MAKMUR SEJAHTERA,060800
KT07,GUDANG JANSEN INDONESIA,060800
KT08,GUDANG KIEVIT INDONESIA,060800
KT09,GUDANG KUBOTA INDONESIA,060800
KT10,GUDANG PHILNESIA INTERNATIONAL,060800
KB01,PT Daiwabo Garment Indonesia,061000
KB1,KAWASAN BERIKAT,061000
MGL,MAGELANG,061100
TMG,TEMANGGUNG,061100
BOGA,INDOFOOD BOGASARI,070100
BTTL,BULK TELUK LAMONG,070100
CALN,ALN CONTAINER,070100
CEGI,EGI CONTAINER,070100
CIJS,IJS CONTAINER,070100
CJAM,JAMRUD CONTAINER,070100
CKPL,CONT KARANA PANORAMA LOGISTIK,070100
CLOG,CITRA DERMAGA PERKASA,070100
CMBA,MBA CONTAINER,070100
CMSB,CONT MARCAPADA SUKSES BERSAMA,070100
CPSI,CONT PATRIOTS SAKTI INDONESIA,070100
CPSU,PSU CONTAINER,070100
CTPS,TPS CONTAINER,070100
CTTL,CONTAINER TELUK LAMONG,070100
EMGI,PT EMAS GLOBAL INTERNASIONAL,070100
G403,GUDANG 403,070100
GACS,ACSA CFS,070100
GALN,ALN CFS,070100
GBJT,BJTI CFS,070100
GDIJ,IJS CFS,070100
GEGI,GUDANG PT EGI,070100
GICT,TPS CFS,070100
GJAM,JAMRUD CFS,070100
GKPL,GUDANG KARANA PANORAMA LOGISTIK,070100
GMBA,GUDANG MBA,070100
GPSI,PSI CFS,070100
GPSU,PSU CFS,070100
GSAL,PT. SAMUDERA AGUNG LOGISTICS,070100
GTTL,GUDANG CFS TELUK LAMONG,070100
IJSW,PT INDRA JAYA SWASTIKA,070100
MTBA,PT MULTI BINTANG ABADI,070100
PLPA,PELINDO III CABANG TANJUNG PERAK,070100
PRSU,PT PRIMAMAS SEGARA UNGGUL,070100
SSSC,SURYA SEKAWAN SEJAHTERA,070100
PLUK,Pelabuhan Umum Kalianget,070200
TPA,TEMPAT PENIMBUNAN KALIANGET,070200
AAGP,ABADI AGROSINDO PERSADA,070300
AMS,PT ASPAL MULTI SARANA,070300
APTA,Tanki A - PT Aspindo Mutual,070300
BEST,PT. BATARA ELOK SEMESTA TERPADU,070300
BI01,GUDANG BARATA,070300
BMS,PT. BERLIAN MANYAR SEJAHTERA,070300
DKJ1,"PT Dunia Kimia Jaya (Tangki V302B, V303)",070300
DM20,Tangki No. T20 - PT Dovechem Maspion Terminal (DMT),070300
DM28,"DOVECHEM MASPION TERMINAL, PT (TANGKI T-28)",070300
DM29,"DOVECHEM MASPION TERMINAL, PT (TANGKI T-29)",070300
DM30,"DOVECHEM MASPION TERMINAL, PT (TANGKI T-30)",070300
DMT6,"PT DOVECHEM MASPION TERMINAL (TANGKI T-06,T-32)",070300
DPL1,PT Dok Pantai Lamongan,070300
DPLN,DERMAGA 1 PLN NUSANTARA,070300
EJD1,PT EAST JAYA DEVELOPMENT,070300
ELOG,PT. EASTERN LOGISTIC,070300
FAII,FACTORY II ( GUDANG TERBUKA MILIK OMYA INDONESIA,070300
FIT,PT FERTILIZER INTI TECHNOLOGY,070300
FIT1,Gudang PT Fertilizer Inti Technology,070300
GAK5,GUDANG 5 PT AKR CORPORINDO,070300
GCON,PT CONTINENTAL,070300
GDAT,Gudang Timbun Agro Tradisi,070300
GDEPE,PT ECO PRIMA ENERGI,070300
GHAS,PT. HARUM ALAM SEGAR,070300
GIBW,Gudang PT Indonesia Bike Works,070300
GJT,PT GRESIK JASA TAMA,070300
GOI2,PT. OMYA INDONESIA,070300
GSM1,PT. SUPARMA TBK,070300
IBWS,PT INDONESIA BIKE WORKS,070300
ISP1,PT INDAL STEEL PIPE,070300
JP01,Gudang Terbuka PT Java Pasific,070300
KIAS,PT KARYAINDAH ALAM SEJAHTERA,070300
KJG1,PT KAMADJAJA LOGISTICS,070300
LBM1,PT. BERKAH KAWASAN MANYAR SEJAHTERA,070300
LTPG,Lapangan Terbuka PT Petrokimia Gresik,070300
NPA1,NUTRIPRO PRIMA ASIA,070300
PAG1,BITUMEN PLANT GRESIK,070300
PAGE,PERAIRAN GRESIK,070300
PAP1,Gudang Milik PT. Aplus Pacific,070300
PEJA,PT. PETRO JORDAN ABADI,070300
PGR1,PT. SMELTING,070300
PGR2,PT. DOK PANTAI LAMONGAN,070300
PIBW,PT INDONESIA BIKE WORKS,070300
PKGA,PT KNAUF GYPSUM INDONESIA,070300
PKGI,PT KNAUF GYPSUM INDONESIA,070300
PKGS,PT. PETROKIMIA GRESIK,070300
PKP2,PT KNAUF PLASTERBOARD INDONESIA,070300
PKP3,PT KNAUF PLASTERBOARD INDONESIA,070300
PKPI,PT KNAUF PLASTERBOARD INDONESIA,070300
PKPL,PT KNAUF PLASTERBOARD INDONESIA,070300
PMIG,PT Mahan Indah Global,070300
PMT,PANJI MAS TEXTILE,070300
PONS,PT. PETRO OXO NUSANTARA GRESIK,070300
PPJB,PT PETROJAYA BORAL,070300
PPWG,PT PETRO WIDADA GRESIK,070300
PTPB,PT PETROJAYA BORAL,070300
PWID,PT. PETROWIDADA GRESIK,070300
SFG1,PT. FFGI ( SILO),070300
SFGI,"PT FFGI (SILO NO.102,103,104,108,110,111,115)",070300
SIAM,TANGKI PT TPC INDONESIA,070300
SIMA,PT. SIAM MASPION GRESIK,070300
SMGS,PT. SEMEN GRESIK,070300
TIJ1,PT. DOVECHEM MASPION TERMINAL (TANKI 03 DAN 04),070300
TKB1,TANGKI B MILIK PT. ASPAL MUTUAL SARANA,070300
TMT1,PT. MULTI TRADING PRATAMA,070300
TTP1,TANGKI A DAN B MILIK PT. ASPAL MULTI SARANA,070300
TUC1,PT. UNICHEMCANDI INDONESIA,070300
WNI,PT WILMAR NABATI INDONESIA,070300
GDSI,Gd. Semen Indonesia,070400
GHCI,Gudang Holcim Indonesia,070400
GSBI,Gudang Solusi Bangun Indonesia,070400
GTPP,TPPI,070400
GTTP,TPPI,070400
TTU,TERMINAL TRANSIT UTAMA,070400
GIAS,Gudang PT Integrasi Aviasi Solusi,070500
JEXP,Gudang PT Jasa Angkasa Semesta Ekspor,070500
JIMP,Gudang PT Jasa Angkasa Semesta Impor,070500
03,Hanggar KB Bentoel,070600
04,PT Bumi Menara Internusa,070600
05,LAPANGAN PENIMBUNAN BANDARA ABD SALEH-MALANG,070600
06,PT GENESIS TECHNOLOGY INDONESIA,070600
07,PT BENTOEL PRIMA HNB,070600
GBMI,Gudang PT Bumi Menara Internusa,070600
GTI,PT GENESIS TECHNOLOGY INDONESIA,070600
HNB,PT GENTOEL PRIMA HNB,070600
KEK,KEK-ANIM FACTORY,070600
LABD,LANUD ABDURRAHMAN SALEH,070600
MJN,PT MAJOIN CONESS INDONESIA,070600
RA,GUDANG BERIKAT RANDUAGUNG,070600
SMR,HANGGAR SMOORE,070600
ULOK,GUDANG PT USAHA LOKA,070600
WCT,GUDANG WIJAYA CAHAYA TIMBER,070600
0710,DPS,071000
1,MADIUN,071000
02,"Gambirono, Bangsasari",071100
1100,KALBUT SITUBONDO,071100
1102,"Gambirono, Bangsalsari",071100
CENI,PT CARDIG EXPRESS NUSANTARA,071200
DABN,DABN PROBOLINGGO,071200
PBPB,PERUM BULOG KOMPLEK PERGUDANGAN BESUK,071200
SIA,PT. SEMEN IMASCO ASIATIC,071200
ATOM,PT. ATOMIZATION TECHNOLOGY INDONESIA,071300
CENI,CARDIG EXPRESS NUSANTARA,071300
CJI,Cheil Jedang Indonesia,071300
CMWI,Central Motor Wheel Indonesia,071300
ETX_HMS,EASTERNTEX_GBHMS,071300
ETX01,PT EASTERNTEX,071300
GBHMS01,GB HM SAMPOERNA,071300
GIS_PAS01,PT GUNTNER INDONESIA SUPPLY,071300
JAI_GIS,JAI_GUNTNERSUPPLY,071300
JAI_PAS,PT JATIM AUTOCOMP INDONESIA,071300
KITE,KITE,071300
PCK,Gudang Panverta Cakra Kencana,071300
TFJ,Gudang Tirta Fresindo Jaya,071300
YMPI,Yamaha Musical Product Indonesia,071300
G006,GUDANG CHANGYUAN BAGS INDONESIA,071500
G007,GUDANG KHARISMA INDONESIA,071500
G100,GUDANG KITE,071500
BASS,GUDANG IMPOR PT BALI SURYA SENTOSA,080100
CEXP,"GUDANG EKSPOR PT JASA ANGKASA SEMESTA, TBK",080100
CIMP,"GUDANG IMPOR PT JASA ANGKASA SEMESTA, TBK",080100
GTPP,Gudang TPP KPPBC TMP Ngurah Rai,080100
IAEX,GUDANG EKSPOR PT INTEGRASI AVIASI SOLUSI,080100
IAIP,GUDANG IMPOR PT INTEGRASI AVIASI SOLUSI,080100
IMBP,GUDANG IMPOR PT BALI PANDAWA KENCANA UTAMA,080100
IPOS,GUDANG IMPOR POS INDONESIA KANTOR DENPASAR,080100
POS,GUDANG TPS POS,080100
TPB,GUDANG TPB,080100
TPP,GUDANG TPP,080100
TPS,GUDANG TPS,080100
BOA,BENOA,080200
CBW,CELUKAN BAWANG,080200
CMT,CUT MAKE TRIM,080200
DPSBOA,BENOA,080200
ITB,INARO TUJUH BELAS,080200
KBT,KB TIMUR,080200
KEK,KEK SANUR,080200
KITE,KITE,080200
KTI,KARYA TANGAN INDAH,080200
MGS,MANGGIS,080200
MPD,MITRA PRODIN,080200
NDGI,PT Nusa Dua Graha International,080200
NDI,Nusa Dua Indonesia,080200
NDIN,Nusa Dua Indonesia,080200
NGI,Gudang PT Nusa Dua Graha International,080200
PADM,Padma Made Bali,080200
PDPS,Pos Denpasar,080200
PLB1,PELABUHAN BENOA,080200
TREN,TREND STUDIO,080200
G001,GROUP 001,080300
GD04,TPS ANGKASA PURA,080300
GKEK,GKEK,080300
LKP,Luar Kawasan Pabean,080300
LP01,Lapangan Penimbunan Lembar,080300
MGPA,PU MGPA,080300
PKHY,SITE PROJECT PELABUHAN KAYANGAN,080300
AMNT,Gudang PT. Amman Mineral Nusa Tenggara,080400
GDBD,Gudang Badas,080400
GDBM,Gudang Bima,080400
GDUI,GUDANG PT. UNISERV INDONESIA - SUMBAWA BARAT NTB,080400
GSMS,Gudang PT. Sukses Mantap Sejahtera,080400
0001,Tenau,080500
0002,Gudang Tenau,080500
0003,EL TARI,080500
0004,Waingapu,080500
2,KUPANG,080500
01,Gudang Penimbunan Ende,080700
IPPI,PELABUHAN IPPI ENDE,080700
LBJ,BANDAR UDARA KOMODO,080700
LSAY,PELABUHAN L SAY MAUMERE,080700
TSMU,TANGKI SARANA MBAY UTAMA,080700
XMOF,TEMPAT LAIN YANG DIPERSAMAKAN DENGAN TPS,080700
BOA,BENOA,081200
CBW,CELUKAN BAWANG,081200
GDIM,GUDANG IMPORTIR,081400
GDIMP,GUDANG IMPORTIR,081400
PLBN,PLBN,081400
TL,TEMPAT LAIN,081400
DAPK,DERMAGA PELABUHAN KIJING,090100
DILK,DERMAGA IMPOR LUAR KAWASAN,090100
GIBS,GROUP GUDANG BANDARA,090100
GILK,GRUP GUDANG LUAR KAWASAN,090100
GIPK,PELABUHAN KIJING,090100
GIPP,Gudang Impor Pelabuhan Pontianak,090100
GP001,Group Gudang 01,090100
GPOS,Group Gudang Kantor Pos,090100
JRJU,GUDANG JERUJU,090100
KPLB,Kantor Pos Lalu Bea,090100
0200,GUDANG ENTIKONG,090200
GETK,GUDANG ENTIKONG,090200
plbnetk,PLBN ENTIKONG,090200
PLBNETK,PLBN ENTIKONG,090200
G001,Gudang Kawasan Pabean,090400
G002,Gudang Luar Kawasan Pabean,090400
Gd1,Kawasan Pabean,090400
Gudang Luar Kawasan Pabean,Gudang Luar Kawasan Pabean,090400
Gudang1,Kawasan Pabean,090400
0100,Pelabuhan Sampit,090700
0200,PELABUHAN BAGENDANG,090700
0300,GUDANG IMPORTIR,090700
0400,KAWASAN BERIKAT,090700
200,PELABUHAN BAGENDANG,090700
G001,PELABUHAN BAGENDANG,090700
IDSMQ,SAMPIT,090700
KB,KAWASAN BERIKAT,090700
KB1,SUKAJADI SAWIT MEKAR,090700
KB2,SINARJAYA INTI MULYA,090700
102,102,090900
GDIM,Gudang Importir,090900
JETTYBERINGIN,JETTY BERINGIN,090900
JETTYPELINDO3,JETTY PELINDO III,090900
TPS,DILUAR KAWASAN PABEAN,090900
idnb,IDNBF,091000
IDNB,IDNBD,091000
IDNBD,IDNB,091000
GILK,GUDANG IMPOR LUAR KAWASAN,092000
TBRI,TPS Bukit Raya Indah,092000
TPE1,Tempat Penimbunan Ekspor,092000
TPSBRI1,TPS Bukit Raya Indah,092000
WHS1,PT Wana Hijau Semesta,092000
WRT1,"Dermaga I Wirata Daya BP, Sentimok",092000
WRT2,"Dermaga II Wirata Daya BP, Sentimok",092000
IMPG,GUDANG IMPORTIR,100100
SNOR,BANDARA SAMSUDIN NOOR,100100
TPB1,TPS Banjarmasin,100100
TRIS,GUDANG A TRISAKTI,100100
WILL,WILAYAH LUAR PELABUHAN,100100
G001,G001,100200
IDBTW,BATULICIN,100200
idkb,kotabaru,100200
IDKBU,KOTABARU,100200
IDPL,PULAU LAUT,100200
IDPUT,PULAU LAUT,100200
IDTJ,Tarjun,100200
KBGI,GUTHRIE INTERNATIONAL PULAU LAUT REFINERY,100200
SDOI,SIME DARBY OILS INDONESIA,100200
SMART,SMART TBK.,100200
WBTL,BATU LICIN,100200
BAT0,GRUP GUDANG TANJUNG BATU,100300
BATU,TANJUNG BATU,100300
DHL0,GRUP GUDANG DHL,100300
DSV1,GUDANG DSV SOLUSTIONS INDONESIA,100300
EAK0,GRUP GUDANG EASTKAL 03,100300
EK01,GUDANG EASTKAL 01,100300
EK03,GUDANG EASTKAL 03,100300
FDX0,GRUP GUDANG FEDEX,100300
FDX1,GUDANG PT FEDEX,100300
GAP0,GRUP GUDANG ANGKASA PURA,100300
GAPU,ANGKASA PURA I,100300
GDHL,GUDANG DHL,100300
GRO1,GRUP GUDANG GROGOT,100300
GROG,GROGOT,100300
KAR0,GRUP GUDANG KARIANGAU,100300
KARO,KARIANGAU,100300
KRN0,GRUP GUDANG KRN,100300
KRN1,GUDANG KUTAI 01,100300
LDCE,GRUP GUDANG LDC EAST INDONESIA,100300
LE01,GRUP GUDANG LDC EAST INDONESIA,100300
LE02,KB LDC EAST INDONESIA,100300
SEM0,GRUP GUDANG SEMAYANG,100300
SEMA,SEMAYANG,100300
A001,TPS Palaran blok J,100500
A003,TPS Palaran blok ekspor,100500
A004,TPS Palaran blok L,100500
G002,LUAR KAWASAN PABEAN,100500
G004,KAWASAN BERIKAT PT KALIMANTAN FERRO INDUSTRY,100500
G007,KAWASAN PABEAN MUARA BERAU,100500
KB01,KAWASAN BERIKAT PT KFI,100500
T001,KAWASAN PABEAN PT PSP,100500
bntg,GUDANG BONTANG,100600
BNTG,GUDANG BONTANG,100600
BTG,GUDANG BONTANG,100600
EN02,GUDANG ENERGI UNGGUL KB,100600
EN03,GUDANG ENERGI UNGGUL PLB,100600
GDBNTG,GUDANG BONTANG,100600
GROUP BNTG,GROUP GUDANG BONTANG,100600
99,TARAKAN,100800
GBDJG,BERAU,100800
TARAKAN,TARAKAN,100800
TRKN,TARAKAN,100800
BAPNNK,BAP NUNUKAN,100900
BSA Sebatik,BSA Sebatik,100900
CTSI,GB CTSI,100900
GBAP,GB BUKIT ARUNG PERTAMA (NUNUKAN),100900
GBMJS,GB PT Mentari Jaya Sebatik,100900
GBSA,GB BADANNU SEBATIK ABADI (NUNUKAN),100900
GMJS,GB MENTARI JAYA SEBATIK,100900
LBW,LONG BAWAN,100900
NNK,PULAU NUNUKAN,100900
NSBT,NON-SEBATIK,100900
SBG,SEMBAKUNG,100900
SBK,SEBUKU,100900
SBS,SEBAKIS,100900
SBT,SEBATIK,100900
SBTK,SEBATIK,100900
SBU,SEBAUNG,100900
SGRS,SEIMENGGARIS,100900
SMR,SUNGAI MANURUNG,100900
SN,SUNGAI NYAMUK,100900
SNK,SIANAK,100900
SPC,SUNGAI PANCANG,100900
0001,GUDANG KPC,101000
0002,LUAR KAWASAN PABEAN,101000
0004,KPC LUBUK TUTUNG,101000
0005,PELABUHAN TANJUNG BARA,101000
0006,KAWASAN BERIKAT PT PSS,101000
0007,PELABUHAN PT. BAYAN RESOURCES,101000
03,PELABUHAN MALOY,101000
PSS,HANGGAR PT PERINDUSTRIAN SAWIT SYNERGI,101000
BDR,BANDARA SULTAN HASANUDDIN,110100
EPFM,Eastern Pearl Flour Mills,110100
GBMT,GUDANG BERIKAT,110100
GMNP,MAKASSAR NEW PORT,110100
GMTP,MULTI TRADING PRATAMA,110100
GP2,GROUP BANDARA,110100
GPHT,PANGKALAN HATTA / CONTAINER YARD,110100
KBR,KAWASAN BERIKAT,110100
LKP,LUAR KAWASAN PABEAN,110100
TPP,TEMPAT PENIMBUNAN PABEAN,110100
002,PELABUHAN GARONGKONG BARRU,110300
BLG,KAWASAN BERIKAT PT BIOTA LAUT GANGGANG,110300
BSU,STORAGE TANK PT. BSU PAREPARE,110300
BSU1,STORAGE TANK PT. BSU BELANG-BELANG,110300
DKP1,DILUAR KAWASAN PABEAN SULAWESI SELATAN,110300
DKPMMJ,Diluar Kawasan Pabean Mamuju,110300
DKPPSBM,Diluar Kawasan Pabean Pabrik Semen Bosowa Maros,110300
KON,KON,110300
MTP,STORAGE TANK PT.MTP,110300
PSI,KAWASAN BERIKAT PT. PHILLIPS SEAFOODS INDONESIA,110300
0002,KB PT Bumi Mineral Sulawesi,110400
0003,PDKB PT Bukaka Mandiri Sejahtera,110400
0004,Luar Kawasan Pabean,110400
BKMS,PDKB PT BUKAKA MANDIRI SEJAHTERA,110400
BLTG,BALANTANG,110400
KBMS,Kawasan Berikat PT BMS,110400
LKPB,LUAR KAWASAN PABEAN,110400
LKPN,LUAR KAWASAN PABEAN,110400
PKNP,TPS KNP,110600
TKNP,TERMINAL PETIKEMAS KENDARI NEW PORT,110600
TPBB,TANGKI PERTAMINA BAU-BAU,110600
TPII,TEMPAT PENIMBUNAN IMPORTIR,110600
TPIP,TEMPAT PENIMBUNAN IMPORTR,110600
GI,Gudang Importir,110800
GUEK,Gudang Eksportir,110800
GUIM,Gudang Importir,110800
MMJU,Mamuju,110800
OKE,Tes Gudang,110800
PALU,Palu,110800
PLNO,Pelabuhan Pelindo Pantoloan,110800
PSKY,Tangki darat PT. TANJUNG SARANA LESTARI,110800
PTL,PANTOLOAN,110800
PTLN,Pantoloan,110800
TLN,PT Toloan,110800
TLON,PT Toloan,110800
AWPL,GUDANG PLB AW,110900
KB,Kawasan Berikat,110900
LKP,Luar Kawasan Pabean,110900
MMM,GUDANG PLB PT MOROWALI MULTI MANDIRI,110900
MPLB,Gudang PT Morowali PLB,110900
TGNI,Tempat Penimbunan GNI,110900
TIHP,Tempat Penimbunan IHIP,110900
TIMP,Tempat Penimbunan IMIP,110900
TPI,Tempat Penimbunan Importir,110900
TPI01,Tempat Penimbunan Importir Morut,110900
TPI02,Tempat Penimbunan Importir,110900
TPPM,TEMPAT PENIMBUNAN PABEAN KPPBC TMP C MOROWALI,110900
TSEI,Tempat Penimbunan SEI,110900
TWXG,Tempat Penimbunan Wanxiang,110900
LUW,Luwuk,111000
AKR,PT AKR CORPORINDO TBK,111100
AMR,AGRO MAKMUR RAYA,111100
BMM,TANGKI ASPAL PT. BERKAH MULIA MANDIRI,111100
CTSI,PT CAHAYA TERANG SEBATIK INDONESIA,111100
DMG3,DERMAGA 3 PT PELINDO IV TERMINAL PETIKEMAS BITUNG,111100
DPI,PT DELTA PASIFIC INDOTUNA,111100
DUSA,PT Dock USA Bitung,111100
FTI,Futai Sulawesi Utara,111100
GBSA,Gudang PT Badannu Sebatik Abadi,111100
GD01,GUDANG CFS,111100
GMNS,GUDANG PT MULTI NABATI,111100
GNCI,GUDANG NUSANTARA COCONUTS INTERNATIONAL,111100
GPBM,GUDANG PUTRA BINTANG MINAHASA,111100
IJB,PT INDOMALAY JAYA BERSAMA,111100
KCB,PT KETHER COCO BIO,111100
LAP,Pelindo,111100
LAP1,Lapangan Kontainer,111100
LAP2,Lapangan A2 Pelabuhan Bitung,111100
MNS,PT. MULTI NABATI SULAWESI,111100
PCD,GUDANG PACEDA,111100
PLBM,PLB PT MUSIM MAS GABION BELAWAN,111100
SIP,"PT. SALIM IVOMAS PRATAMA, TBK.",111100
SLM,PT SONOK LESTARI MAS,111100
SMS,PT. SAMUDRA MANDIRI SENTOSA,111100
SPFI,PT. SINAR PURE FOODS INTERNATIONAL,111100
TBJ,PT TONG BITUNG JAYA,111100
TPB,TEMPAT PENIMBUNAN BERIKAT,111100
TSBU,TANKI SARANA BITUNG UTAMA,111100
0001,GUDANG IMPORTIR,111200
0002,LABUAN UKI,111200
0004,AMURANG,111200
1,GUDANG IMPORTIR,111200
2,GUDANG KARGO BANDARA,111200
BB1,PLTA Bone Bolango,111300
BMSJ,Gudang Biomasa Jaya,111300
BNBL,PLTMH Bone Bolango Energi,111300
G01,ASPAL DAN BBE,111300
G03,Grup 3,111300
GARU,Gudang PT. Arunika Geo Services,111300
GDBS,Terminal Aspal Curah BSU,111300
GDPG,Gudang Pabrik Gula Gorontalo,111300
GGPL,GUDANG GPL,111300
GR03,Gorontalo 03,111300
GTO,Gorontalo,111300
MR1,Depo Anggrek,111300
MR3,Pelabuhan Marisa,111300
MRS,Pelabuhan Marisa Maleo,111300
TM1,PLTU TANJUNG KARANG,111300
TN1,Depo Tanto,111300
G002,GD.PELABUHAN YOS SUDARSO,120100
G003,GD.PELABUHAN TBBM WAYAME,120100
G004,GD. PELABUHAN OPIN,120100
G005,GD. PELABUHAN TULEHU,120100
G006,GD. Bandara Pattimura,120100
G009,PELABUHAN NAMLEA,120100
G01,Grup Gudang,120100
G010,GD. PELABUHAN BULA,120100
GP01,GUDANG PERIKANAN,120100
GR002,GUDANG LUAR KAWASAN PABEAN,120100
GR02,Gudang Luar Kawasan Pabean,120100
TPI,TEMPAT PENIMBUNAN IMPORTIR,120100
05,luar lokasi pabean,120200
GLDK,GUDANG DILUAR KAWASAN PABEAN,120200
GLX,GALELA,120200
GTBP,GUDANG PT. TRIMEGAH BANGUN PERSADA,120200
LLP,LUAR LOKASI PABEAN,120200
LPGP,LAPANGAN WEDA BAY NICKEL,120200
LTBP,LAPANGAN TRIMEGAH BANGUN PERSADA,120200
LWBN,LAPANGAN WEDA BAY NICKEL,120200
LWP,LAPANGAN WANATIARA PERSADA,120200
MSPO,Lapangan MSP Pulau OBI,120200
TPI,Tempat Penimbunan Importir,120200
BSU,Tangki PT. Bumi Sarana Utama,120300
GKLM,Gudang Kargo Lintas Megantara,120300
KBSQ,Kolam Bandar Sorong,120300
LINI,LINI,120300
PS03,PT PETROSEA TBK,120300
PTRS,DILUAR KAWASAN PABEAN,120300
TLKP,TEMPAT LAIN KAWASAN PABEAN,120300
001,KAWASAN PABEAN,120700
002,BANDARA MOPAH,120700
003,LUAR KAWASAN PABEAN,120700
CDAP,CARGO DOCK-AMAMAPARE,120800
MKAP,MOSES KILANGIN - AMAMAPARE,120800
PMKO,PELABUHAN POMAKO,120800
01,SINAR JAYA WIJAYA,120900
02,SINAR WIJAYA PLYWOOD INDUSTRIES,120900
05,BIK1,120900
BIK1,BIAK,120900
KB,SINAR WIJAYA PLYWOOD INDUSTRIES,120900
NB1,NABIRE BARU,120900
SER1,SERUI,120900
DOBO,DOBO,121000
LUV,TUAL,121000
PLNS,PLN Saumlaki,121000
SIS,SIS Tual,121000
SMLX,SAUMLAKI,121000
CT1,CONDENSATE TANK 1,122300
CT2,CONDENSATE TANK 2,122300
LNGC,LNG Combo,122300
LT1,LNG TANK 1,122300
LT2,LNG TANK 2,122300
TGH,TANGGUH LNG,122300
TL,TEMPAT LAIN DI LUAR KAWASAN PABEAN,122300
ASIM,Lapangan Apron Bandara SIM,130100
GBB2,Gudang GBB2 Perum Bulog,130100
GBNA,GUDANG PENIMBUNAN BANDA ACEH,130100
GLCI,Gudang penimbunan PT. Lafarge Cement Indonesia,130100
GSIM,gudang cargo bandara SIM,130100
GSIM01,GUDANG CARGO BANDARA SIM,130100
GWES,GUDANG HANGGAR WESTAR,130100
GWSI,Gudang Hanggar West Star Indonesia,130100
LKRU,Lapangan Penimbunan PT. Pelindo Malahayati,130100
LSIM,LAPANGAN BANDARA SIM,130100
TABS,Tangki penimbunan PT. Asphalt Bangun Sarana,130100
TSAU,Tangki penimbunan PT. Sarana Aceh Utama,130100
05,Pertamina,130300
BALO,Pelabuhan Balohan,130300
BPKS,CTSATU,130300
CT1,Terminal CT-1 BPKS,130300
LUAR,LUAR KAWASAN PABEAN,130300
GDMPG,GUDANG MPG NAGAN RAYA,130400
GMPG,PT. MEULABOH POWER GENERATION,130400
TCSI,PT Calang Sejati Indah,130400
003,KRUENG GEUKUH,130500
AG,AGRO MURNI,130500
AG01,Agro Murni,130500
AMB,Aceh Makmur Bersama,130500
G001,GROUP 001,130500
G002,Gudang Pelabuhan,130500
GALF,GUDANG ALFATA,130500
GARUN,Gudang Arun,130500
GBBI,Gudang Beras Bulog Lhokseumawe,130500
GBL,Gudang Bulog Lhokseumawe,130500
GEPS,GUDANG ENERGI PULAU SUJA,130500
GGP,Great Giant Pineapple,130500
GGP3,GUDANG GREAT GIANT PINEAPPLE,130500
GLSW,GUDANG LHOKSEUMAWE,130500
GPTK,Pertamina Trans Kontinental,130500
GTIP,Gudang Importir Teguh,130500
NOI,NABATI OIL INDONESIA,130500
P002,Premier Oil 2,130500
PIM,Pupuk Iskandar Muda,130500
PIM01,PUPUK ISKANDAR MUDA,130500
TPSL,Tempat Lain yang Diperlakukan Sama dengan TPS,130500
0001,Gudang PT Pelindo,130600
0002,Pelabuhan Kuala Langsa,130600
0304,TANGKI PT. AMI,130600
AGMX,AGGIOMULTIMEX,150300
AJBD,AJU BERSAMA DUNIA,150300
AMG1,AGGIOMULTIMEX INTERNATIONAL GROUP,150300
BNSP,BINTANG SATU PRODUCTION,150300
BOIN,BOSUNG INDONESIA,150300
DFBI,DOLPHIN FOOD & BEVERAGES INDUSTRY,150300
FIIN,FORTUNA INTERNASIONAL INDONESIA,150300
GJTG,GAJAH TUNGGAL TBK,150300
HSI1,HALIM SAMUDRA INTERUTAMA,150300
IKPP,"INDAH KIAT PULP & PAPER, TBK",150300
KMKG,KUMKANG INDONESIA,150300
LJG1,LESTARI JAYA GARMINDO,150300
LSGR,LESTARI GARMENTAMA,150300
MBP1,MEGAH BUANA PANCARONA,150300
MPF1,MEGA PRATAMA FERINDO,150300
MYBC,MAYORA BATUCEPER,150300
MYJT,MAYORA JATAKE,150300
MYJU,MAYORA JATIUWUNG,150300
MYJY,MAYORA JAYANTI,150300
NUEL,NUSANTARA ELECTRIC,150300
PAJM,PANATA JAYA MANDIRI,150300
PLIH,POLYTECH INDO HAUSEN,150300
PMRO,PRIMA MAKMUR ROTOKEMINDO,150300
PNJM,PANATA JAYA MANDIRI,150300
PRJY,PRIMAJAYA ERATAMA,150300
SICA,SICAMINDO,150300
SLSM,SELAMAT SEMPURNA,150300
SLSP,SELAMAT SEMPURNA,150300
SRYA,SURYA ANUGRATAMA,150300
STRA,STRAWLAND,150300
SWPP,SUWON PRIMA PRATAMA,150300
TESB,TORABIKA EKA SEMESTA BALARAJA,150300
TESC,TORABIKA EKA SEMESTA CIKUPA,150300
TKI1,TRESPASS KOREA INDONESIA,150300
TRBL,TORABIKA BALARAJA,150300
TRCK,TORABIKA CIKUPA,150300
TREN,TREND AND FASHION,150300
YKKA,YKK AP INDONESIA,150300
YWHG,YWH GARMENT INDONESIA,150300
A001,MARUNDA,160200
AS05,ABERU MARUNDA,160200
CAK7,CAK 7,160200
cluster 1,cluster 1,160200
KEP1,KEPULAUAN SERIBU,160200
KEPS,KEPULAUAN SERIBU,160200
NI01,GUDANG NIAGA INTIJAYA 01,160200
OMU1,OSAGA MAS UTAMA,160200
sg02,sarana gemilang KBN marunda,160200
SLS1,GUDANG SENTRA MITRA SELARAS,160200
SYM1,SURYAMANDIRI,160200
BOFI,PT BLUE OCEAN FOODS INDONESIA,160700
BWX,BANDARA BLIMBINGSARI,160700
CBWI,CANDRIAN BANYUWANGI,160700
LII,PT. LUNDIN INDUSTRY INVEST,160700
PHI,PT PASIFIK HARVEST INDONESIA,160700
PM,PUSLATPUR MARINIR 5,160700
STIN,TUKS PT. Summitama Intinusa,160700
TJWG,Tanjung Wangi,160700
TNI,PT. TOP NUTRISI INDONESIA,160700
TPM,TANKI PERTAMINA,160700
